<?xml version="1.0" encoding="UTF-8" standalone="yes"?>
<gpx version="1.1" creator="outdooractive - http://www.outdooractive.com" xmlns="http://www.topografix.com/GPX/1/1" xmlns:oa="http://www.outdooractive.com/GPX/Extensions/1" xmlns:xsi="http://www.w3.org/2001/XMLSchema-instance" xsi:schemaLocation="http://www.topografix.com/GPX/1/1 http://www.topografix.com/GPX/1/1/gpx.xsd http://www.outdooractive.com/GPX/Extensions/1 https://www.outdooractive.com/schema/gpx_extensions.xsd">
  <metadata>
    <name>euskadi idea excu etapa 3</name>
    <author>
      <name>Víctor L - Community</name>
    </author>
    <link href="https://www.outdooractive.com/r/338610949"/>
    <time>2026-04-12T09:50:30.667Z</time>
    <extensions>
      <oa:oaCategory>hikingTourTrail</oa:oaCategory>
    </extensions>
  </metadata>
  <trk>
    <name>euskadi idea excu etapa 3</name>
    <type>hikingTourTrail</type>
    <trkseg>
      <trkpt lat="43.398359" lon="-2.696593">
        <ele>25.9</ele>
        <name>Portuondo, España</name>
        <extensions>
          <oa:Extension>
            <oa:mapZoom>15</oa:mapZoom>
          </oa:Extension>
        </extensions>
      </trkpt>
      <trkpt lat="43.398357" lon="-2.696531">
        <ele>26.3</ele>
      </trkpt>
      <trkpt lat="43.398382" lon="-2.696443">
        <ele>27.4</ele>
      </trkpt>
      <trkpt lat="43.398444" lon="-2.696372">
        <ele>28.6</ele>
      </trkpt>
      <trkpt lat="43.398539" lon="-2.696326">
        <ele>30.0</ele>
      </trkpt>
      <trkpt lat="43.39864" lon="-2.696278">
        <ele>31.6</ele>
      </trkpt>
      <trkpt lat="43.398722" lon="-2.696242">
        <ele>33.2</ele>
      </trkpt>
      <trkpt lat="43.398811" lon="-2.696211">
        <ele>35.0</ele>
      </trkpt>
      <trkpt lat="43.398885" lon="-2.696205">
        <ele>36.5</ele>
      </trkpt>
      <trkpt lat="43.399059" lon="-2.696204">
        <ele>39.8</ele>
      </trkpt>
      <trkpt lat="43.399182" lon="-2.696143">
        <ele>41.7</ele>
      </trkpt>
      <trkpt lat="43.399217" lon="-2.696053">
        <ele>41.2</ele>
      </trkpt>
      <trkpt lat="43.399244" lon="-2.69603">
        <ele>41.3</ele>
      </trkpt>
      <trkpt lat="43.399272" lon="-2.69602">
        <ele>41.7</ele>
      </trkpt>
      <trkpt lat="43.399353" lon="-2.695996">
        <ele>43.0</ele>
      </trkpt>
      <trkpt lat="43.399373" lon="-2.695982">
        <ele>43.2</ele>
      </trkpt>
      <trkpt lat="43.399534" lon="-2.695814">
        <ele>44.7</ele>
      </trkpt>
      <trkpt lat="43.399704" lon="-2.695644">
        <ele>47.7</ele>
      </trkpt>
      <trkpt lat="43.399785" lon="-2.695556">
        <ele>47.8</ele>
      </trkpt>
      <trkpt lat="43.399846" lon="-2.695494">
        <ele>47.4</ele>
      </trkpt>
      <trkpt lat="43.39992" lon="-2.695436">
        <ele>47.3</ele>
      </trkpt>
      <trkpt lat="43.4" lon="-2.695385">
        <ele>47.2</ele>
      </trkpt>
      <trkpt lat="43.400015" lon="-2.695377">
        <ele>47.2</ele>
      </trkpt>
      <trkpt lat="43.400017" lon="-2.695281">
        <ele>44.4</ele>
      </trkpt>
      <trkpt lat="43.4001" lon="-2.69525">
        <ele>44.2</ele>
      </trkpt>
      <trkpt lat="43.400195" lon="-2.695215">
        <ele>43.4</ele>
      </trkpt>
      <trkpt lat="43.400215" lon="-2.695208">
        <ele>43.3</ele>
      </trkpt>
      <trkpt lat="43.400222" lon="-2.695216">
        <ele>43.5</ele>
      </trkpt>
      <trkpt lat="43.400226" lon="-2.69523">
        <ele>43.8</ele>
      </trkpt>
      <trkpt lat="43.400261" lon="-2.695254">
        <ele>44.4</ele>
      </trkpt>
      <trkpt lat="43.400334" lon="-2.69523">
        <ele>43.7</ele>
      </trkpt>
      <trkpt lat="43.400435" lon="-2.695207">
        <ele>42.6</ele>
      </trkpt>
      <trkpt lat="43.400501" lon="-2.695207">
        <ele>42.0</ele>
      </trkpt>
      <trkpt lat="43.400586" lon="-2.695219">
        <ele>41.1</ele>
      </trkpt>
      <trkpt lat="43.400661" lon="-2.695251">
        <ele>40.5</ele>
      </trkpt>
      <trkpt lat="43.400795" lon="-2.695347">
        <ele>40.6</ele>
      </trkpt>
      <trkpt lat="43.401131" lon="-2.695612">
        <ele>39.8</ele>
      </trkpt>
      <trkpt lat="43.401455" lon="-2.69586">
        <ele>39.2</ele>
      </trkpt>
      <trkpt lat="43.401829" lon="-2.69614">
        <ele>35.7</ele>
      </trkpt>
      <trkpt lat="43.4021" lon="-2.696343">
        <ele>34.4</ele>
      </trkpt>
      <trkpt lat="43.402327" lon="-2.696515">
        <ele>35.3</ele>
      </trkpt>
      <trkpt lat="43.40255" lon="-2.696686">
        <ele>32.8</ele>
      </trkpt>
      <trkpt lat="43.402669" lon="-2.696773">
        <ele>30.1</ele>
      </trkpt>
      <trkpt lat="43.402685" lon="-2.696786">
        <ele>29.8</ele>
      </trkpt>
      <trkpt lat="43.402726" lon="-2.696818">
        <ele>29.0</ele>
      </trkpt>
      <trkpt lat="43.402793" lon="-2.696883">
        <ele>28.1</ele>
      </trkpt>
      <trkpt lat="43.402839" lon="-2.696941">
        <ele>27.9</ele>
      </trkpt>
      <trkpt lat="43.402881" lon="-2.696997">
        <ele>27.7</ele>
      </trkpt>
      <trkpt lat="43.402928" lon="-2.697075">
        <ele>27.4</ele>
      </trkpt>
      <trkpt lat="43.402979" lon="-2.697177">
        <ele>27.2</ele>
      </trkpt>
      <trkpt lat="43.40301" lon="-2.697241">
        <ele>26.9</ele>
      </trkpt>
      <trkpt lat="43.403032" lon="-2.697287">
        <ele>26.6</ele>
      </trkpt>
      <trkpt lat="43.403067" lon="-2.697361">
        <ele>25.7</ele>
      </trkpt>
      <trkpt lat="43.40327" lon="-2.697804">
        <ele>21.6</ele>
      </trkpt>
      <trkpt lat="43.403283" lon="-2.697833">
        <ele>21.2</ele>
      </trkpt>
      <trkpt lat="43.403464" lon="-2.698297">
        <ele>15.0</ele>
      </trkpt>
      <trkpt lat="43.403584" lon="-2.698608">
        <ele>13.2</ele>
      </trkpt>
      <trkpt lat="43.403594" lon="-2.69863">
        <ele>13.2</ele>
      </trkpt>
      <trkpt lat="43.403604" lon="-2.698652">
        <ele>13.2</ele>
      </trkpt>
      <trkpt lat="43.40361" lon="-2.698664">
        <ele>13.2</ele>
      </trkpt>
      <trkpt lat="43.403676" lon="-2.698797">
        <ele>13.5</ele>
      </trkpt>
      <trkpt lat="43.403741" lon="-2.698923">
        <ele>13.5</ele>
      </trkpt>
      <trkpt lat="43.403769" lon="-2.698971">
        <ele>13.3</ele>
      </trkpt>
      <trkpt lat="43.40381" lon="-2.699025">
        <ele>12.9</ele>
      </trkpt>
      <trkpt lat="43.403845" lon="-2.699059">
        <ele>12.6</ele>
      </trkpt>
      <trkpt lat="43.403999" lon="-2.699189">
        <ele>11.4</ele>
      </trkpt>
      <trkpt lat="43.40408" lon="-2.699283">
        <ele>10.7</ele>
      </trkpt>
      <trkpt lat="43.404133" lon="-2.69936">
        <ele>10.0</ele>
      </trkpt>
      <trkpt lat="43.404158" lon="-2.699402">
        <ele>9.7</ele>
      </trkpt>
      <trkpt lat="43.404181" lon="-2.699465">
        <ele>10.0</ele>
      </trkpt>
      <trkpt lat="43.404225" lon="-2.69959">
        <ele>11.4</ele>
      </trkpt>
      <trkpt lat="43.40429" lon="-2.699771">
        <ele>12.4</ele>
      </trkpt>
      <trkpt lat="43.40436" lon="-2.699971">
        <ele>12.7</ele>
      </trkpt>
      <trkpt lat="43.404375" lon="-2.700034">
        <ele>13.0</ele>
      </trkpt>
      <trkpt lat="43.404385" lon="-2.700099">
        <ele>13.4</ele>
      </trkpt>
      <trkpt lat="43.404388" lon="-2.700173">
        <ele>14.0</ele>
      </trkpt>
      <trkpt lat="43.404393" lon="-2.700313">
        <ele>14.9</ele>
      </trkpt>
      <trkpt lat="43.404406" lon="-2.700398">
        <ele>15.0</ele>
      </trkpt>
      <trkpt lat="43.404438" lon="-2.700441">
        <ele>14.7</ele>
      </trkpt>
      <trkpt lat="43.404469" lon="-2.700473">
        <ele>14.4</ele>
      </trkpt>
      <trkpt lat="43.404559" lon="-2.700505">
        <ele>13.3</ele>
      </trkpt>
      <trkpt lat="43.404675" lon="-2.700534">
        <ele>12.2</ele>
      </trkpt>
      <trkpt lat="43.404785" lon="-2.700561">
        <ele>11.7</ele>
      </trkpt>
      <trkpt lat="43.404816" lon="-2.700561">
        <ele>11.6</ele>
      </trkpt>
      <trkpt lat="43.404851" lon="-2.700543">
        <ele>11.4</ele>
      </trkpt>
      <trkpt lat="43.404886" lon="-2.700509">
        <ele>11.1</ele>
      </trkpt>
      <trkpt lat="43.404922" lon="-2.700456">
        <ele>10.9</ele>
      </trkpt>
      <trkpt lat="43.404943" lon="-2.700416">
        <ele>10.8</ele>
      </trkpt>
      <trkpt lat="43.405164" lon="-2.699983">
        <ele>13.1</ele>
      </trkpt>
      <trkpt lat="43.405385" lon="-2.69955">
        <ele>15.8</ele>
      </trkpt>
      <trkpt lat="43.405396" lon="-2.699543">
        <ele>15.9</ele>
      </trkpt>
      <trkpt lat="43.405404" lon="-2.699538">
        <ele>15.9</ele>
      </trkpt>
      <trkpt lat="43.405547" lon="-2.699272">
        <ele>17.0</ele>
      </trkpt>
      <trkpt lat="43.405553" lon="-2.699261">
        <ele>17.1</ele>
      </trkpt>
      <trkpt lat="43.405635" lon="-2.699121">
        <ele>17.2</ele>
      </trkpt>
      <trkpt lat="43.405688" lon="-2.699075">
        <ele>17.2</ele>
      </trkpt>
      <trkpt lat="43.405707" lon="-2.699072">
        <ele>17.2</ele>
      </trkpt>
      <trkpt lat="43.405787" lon="-2.698938">
        <ele>17.0</ele>
      </trkpt>
      <trkpt lat="43.405793" lon="-2.698907">
        <ele>16.9</ele>
      </trkpt>
      <trkpt lat="43.405755" lon="-2.698695">
        <ele>16.2</ele>
      </trkpt>
      <trkpt lat="43.40575" lon="-2.698666">
        <ele>16.0</ele>
      </trkpt>
      <trkpt lat="43.405683" lon="-2.698223">
        <ele>13.5</ele>
      </trkpt>
      <trkpt lat="43.405615" lon="-2.69778">
        <ele>10.2</ele>
      </trkpt>
      <trkpt lat="43.405566" lon="-2.697457">
        <ele>7.8</ele>
      </trkpt>
      <trkpt lat="43.405572" lon="-2.697384">
        <ele>7.6</ele>
      </trkpt>
      <trkpt lat="43.405586" lon="-2.697328">
        <ele>7.5</ele>
      </trkpt>
      <trkpt lat="43.405609" lon="-2.697276">
        <ele>7.4</ele>
      </trkpt>
      <trkpt lat="43.405644" lon="-2.697221">
        <ele>7.2</ele>
      </trkpt>
      <trkpt lat="43.405676" lon="-2.697191">
        <ele>7.2</ele>
      </trkpt>
      <trkpt lat="43.405712" lon="-2.697162">
        <ele>7.1</ele>
      </trkpt>
      <trkpt lat="43.405736" lon="-2.69715">
        <ele>7.1</ele>
      </trkpt>
      <trkpt lat="43.405769" lon="-2.697137">
        <ele>7.2</ele>
      </trkpt>
      <trkpt lat="43.405784" lon="-2.697139">
        <ele>7.3</ele>
      </trkpt>
      <trkpt lat="43.40602" lon="-2.697223">
        <ele>8.5</ele>
      </trkpt>
      <trkpt lat="43.406256" lon="-2.697306">
        <ele>10.8</ele>
      </trkpt>
      <trkpt lat="43.406564" lon="-2.697415">
        <ele>14.6</ele>
      </trkpt>
      <trkpt lat="43.406872" lon="-2.697524">
        <ele>14.4</ele>
      </trkpt>
      <trkpt lat="43.40692" lon="-2.697541">
        <ele>14.1</ele>
      </trkpt>
      <trkpt lat="43.407018" lon="-2.697573">
        <ele>13.6</ele>
      </trkpt>
      <trkpt lat="43.407087" lon="-2.6976">
        <ele>13.2</ele>
      </trkpt>
      <trkpt lat="43.407136" lon="-2.697638">
        <ele>13.0</ele>
      </trkpt>
      <trkpt lat="43.407192" lon="-2.697842">
        <ele>13.3</ele>
      </trkpt>
      <trkpt lat="43.407195" lon="-2.697855">
        <ele>13.3</ele>
      </trkpt>
      <trkpt lat="43.407177" lon="-2.697862">
        <ele>13.4</ele>
      </trkpt>
      <trkpt lat="43.407184" lon="-2.697891">
        <ele>13.4</ele>
      </trkpt>
      <trkpt lat="43.407182" lon="-2.698247">
        <ele>15.1</ele>
      </trkpt>
      <trkpt lat="43.407204" lon="-2.698408">
        <ele>16.4</ele>
      </trkpt>
      <trkpt lat="43.407221" lon="-2.698529">
        <ele>17.4</ele>
      </trkpt>
      <trkpt lat="43.407245" lon="-2.698676">
        <ele>18.6</ele>
      </trkpt>
      <trkpt lat="43.407251" lon="-2.698791">
        <ele>19.4</ele>
      </trkpt>
      <trkpt lat="43.407249" lon="-2.698934">
        <ele>20.4</ele>
      </trkpt>
      <trkpt lat="43.407234" lon="-2.699043">
        <ele>21.2</ele>
      </trkpt>
      <trkpt lat="43.407171" lon="-2.699354">
        <ele>22.8</ele>
      </trkpt>
      <trkpt lat="43.407169" lon="-2.699358">
        <ele>22.8</ele>
      </trkpt>
      <trkpt lat="43.407156" lon="-2.699413">
        <ele>23.1</ele>
      </trkpt>
      <trkpt lat="43.407374" lon="-2.699526">
        <ele>23.2</ele>
      </trkpt>
      <trkpt lat="43.407494" lon="-2.699583">
        <ele>23.0</ele>
      </trkpt>
      <trkpt lat="43.407585" lon="-2.699626">
        <ele>22.6</ele>
      </trkpt>
      <trkpt lat="43.407677" lon="-2.699691">
        <ele>22.3</ele>
      </trkpt>
      <trkpt lat="43.407696" lon="-2.699709">
        <ele>22.3</ele>
      </trkpt>
      <trkpt lat="43.407767" lon="-2.699776">
        <ele>22.1</ele>
      </trkpt>
      <trkpt lat="43.407937" lon="-2.699928">
        <ele>21.6</ele>
      </trkpt>
      <trkpt lat="43.408148" lon="-2.70006">
        <ele>23.0</ele>
      </trkpt>
      <trkpt lat="43.408178" lon="-2.700036">
        <ele>23.3</ele>
      </trkpt>
      <trkpt lat="43.408259" lon="-2.700052">
        <ele>24.5</ele>
      </trkpt>
      <trkpt lat="43.408303" lon="-2.700048">
        <ele>25.0</ele>
      </trkpt>
      <trkpt lat="43.40843" lon="-2.700039">
        <ele>26.0</ele>
      </trkpt>
      <trkpt lat="43.408557" lon="-2.700009">
        <ele>26.7</ele>
      </trkpt>
      <trkpt lat="43.408839" lon="-2.699941">
        <ele>28.0</ele>
      </trkpt>
      <trkpt lat="43.408914" lon="-2.699962">
        <ele>27.9</ele>
      </trkpt>
      <trkpt lat="43.408965" lon="-2.699949">
        <ele>27.7</ele>
      </trkpt>
      <trkpt lat="43.409032" lon="-2.699937">
        <ele>27.3</ele>
      </trkpt>
      <trkpt lat="43.40906" lon="-2.699925">
        <ele>27.1</ele>
      </trkpt>
      <trkpt lat="43.409104" lon="-2.699919">
        <ele>26.7</ele>
      </trkpt>
      <trkpt lat="43.409206" lon="-2.699916">
        <ele>25.8</ele>
      </trkpt>
      <trkpt lat="43.409298" lon="-2.699936">
        <ele>24.7</ele>
      </trkpt>
      <trkpt lat="43.409576" lon="-2.700027">
        <ele>21.5</ele>
      </trkpt>
      <trkpt lat="43.409614" lon="-2.700039">
        <ele>21.0</ele>
      </trkpt>
      <trkpt lat="43.409897" lon="-2.700127">
        <ele>19.6</ele>
      </trkpt>
      <trkpt lat="43.410156" lon="-2.700212">
        <ele>18.8</ele>
      </trkpt>
      <trkpt lat="43.41027" lon="-2.700257">
        <ele>17.9</ele>
      </trkpt>
      <trkpt lat="43.410341" lon="-2.700303">
        <ele>17.6</ele>
      </trkpt>
      <trkpt lat="43.410424" lon="-2.700349">
        <ele>17.3</ele>
      </trkpt>
      <trkpt lat="43.41066" lon="-2.700405">
        <ele>15.9</ele>
      </trkpt>
      <trkpt lat="43.410896" lon="-2.700462">
        <ele>14.8</ele>
      </trkpt>
      <trkpt lat="43.411187" lon="-2.700556">
        <ele>14.9</ele>
      </trkpt>
      <trkpt lat="43.411368" lon="-2.700603">
        <ele>15.9</ele>
      </trkpt>
      <trkpt lat="43.41156" lon="-2.700662">
        <ele>16.1</ele>
      </trkpt>
      <trkpt lat="43.41171" lon="-2.700732">
        <ele>15.5</ele>
      </trkpt>
      <trkpt lat="43.411961" lon="-2.700888">
        <ele>14.4</ele>
      </trkpt>
      <trkpt lat="43.412087" lon="-2.70098">
        <ele>14.6</ele>
      </trkpt>
      <trkpt lat="43.412197" lon="-2.701187">
        <ele>16.3</ele>
      </trkpt>
      <trkpt lat="43.412284" lon="-2.70139">
        <ele>18.1</ele>
      </trkpt>
      <trkpt lat="43.412337" lon="-2.701616">
        <ele>21.8</ele>
      </trkpt>
      <trkpt lat="43.412345" lon="-2.701671">
        <ele>22.7</ele>
      </trkpt>
      <trkpt lat="43.412347" lon="-2.701807">
        <ele>24.7</ele>
      </trkpt>
      <trkpt lat="43.412354" lon="-2.701972">
        <ele>26.8</ele>
      </trkpt>
      <trkpt lat="43.412392" lon="-2.702024">
        <ele>27.2</ele>
      </trkpt>
      <trkpt lat="43.41242" lon="-2.702028">
        <ele>26.9</ele>
      </trkpt>
      <trkpt lat="43.412504" lon="-2.701968">
        <ele>25.3</ele>
      </trkpt>
      <trkpt lat="43.412573" lon="-2.702007">
        <ele>25.4</ele>
      </trkpt>
      <trkpt lat="43.412802" lon="-2.702143">
        <ele>25.7</ele>
      </trkpt>
      <trkpt lat="43.41296" lon="-2.702351">
        <ele>27.8</ele>
      </trkpt>
      <trkpt lat="43.413163" lon="-2.70262">
        <ele>29.6</ele>
      </trkpt>
      <trkpt lat="43.413283" lon="-2.702869">
        <ele>32.3</ele>
      </trkpt>
      <trkpt lat="43.413515" lon="-2.703079">
        <ele>32.9</ele>
      </trkpt>
      <trkpt lat="43.413562" lon="-2.703155">
        <ele>33.9</ele>
      </trkpt>
      <trkpt lat="43.413654" lon="-2.703303">
        <ele>36.4</ele>
      </trkpt>
      <trkpt lat="43.41371" lon="-2.703394">
        <ele>37.8</ele>
      </trkpt>
      <trkpt lat="43.413906" lon="-2.703433">
        <ele>36.1</ele>
      </trkpt>
      <trkpt lat="43.413962" lon="-2.703426">
        <ele>35.7</ele>
      </trkpt>
      <trkpt lat="43.414044" lon="-2.703391">
        <ele>35.2</ele>
      </trkpt>
      <trkpt lat="43.41413" lon="-2.703352">
        <ele>35.1</ele>
      </trkpt>
      <trkpt lat="43.414209" lon="-2.703348">
        <ele>35.2</ele>
      </trkpt>
      <trkpt lat="43.41422" lon="-2.703364">
        <ele>35.4</ele>
      </trkpt>
      <trkpt lat="43.414237" lon="-2.703387">
        <ele>35.6</ele>
      </trkpt>
      <trkpt lat="43.41425" lon="-2.703629">
        <ele>38.1</ele>
      </trkpt>
      <trkpt lat="43.414237" lon="-2.7038">
        <ele>41.8</ele>
      </trkpt>
      <trkpt lat="43.414166" lon="-2.703869">
        <ele>44.4</ele>
      </trkpt>
      <trkpt lat="43.414088" lon="-2.703876">
        <ele>45.9</ele>
      </trkpt>
      <trkpt lat="43.413934" lon="-2.70386">
        <ele>48.2</ele>
      </trkpt>
      <trkpt lat="43.413648" lon="-2.703707">
        <ele>48.4</ele>
      </trkpt>
      <trkpt lat="43.413814" lon="-2.703846">
        <ele>50.0</ele>
      </trkpt>
      <trkpt lat="43.414078" lon="-2.704097">
        <ele>53.2</ele>
      </trkpt>
      <trkpt lat="43.414342" lon="-2.704349">
        <ele>56.2</ele>
      </trkpt>
      <trkpt lat="43.414589" lon="-2.704627">
        <ele>56.3</ele>
      </trkpt>
      <trkpt lat="43.414835" lon="-2.704906">
        <ele>52.7</ele>
      </trkpt>
      <trkpt lat="43.415033" lon="-2.705116">
        <ele>50.4</ele>
      </trkpt>
      <trkpt lat="43.415232" lon="-2.705327">
        <ele>48.8</ele>
      </trkpt>
      <trkpt lat="43.415449" lon="-2.70557">
        <ele>48.4</ele>
      </trkpt>
      <trkpt lat="43.415708" lon="-2.705865">
        <ele>48.6</ele>
      </trkpt>
      <trkpt lat="43.415966" lon="-2.70616">
        <ele>48.9</ele>
      </trkpt>
      <trkpt lat="43.416255" lon="-2.706533">
        <ele>49.3</ele>
      </trkpt>
      <trkpt lat="43.416552" lon="-2.706966">
        <ele>45.1</ele>
      </trkpt>
      <trkpt lat="43.416708" lon="-2.707225">
        <ele>44.8</ele>
      </trkpt>
      <trkpt lat="43.416906" lon="-2.707578">
        <ele>44.3</ele>
      </trkpt>
      <trkpt lat="43.417059" lon="-2.707879">
        <ele>41.1</ele>
      </trkpt>
      <trkpt lat="43.417224" lon="-2.708229">
        <ele>38.9</ele>
      </trkpt>
      <trkpt lat="43.417357" lon="-2.708549">
        <ele>35.6</ele>
      </trkpt>
      <trkpt lat="43.417477" lon="-2.708884">
        <ele>30.5</ele>
      </trkpt>
      <trkpt lat="43.417546" lon="-2.709129">
        <ele>30.8</ele>
      </trkpt>
      <trkpt lat="43.417608" lon="-2.709371">
        <ele>31.9</ele>
      </trkpt>
      <trkpt lat="43.417636" lon="-2.709491">
        <ele>32.9</ele>
      </trkpt>
      <trkpt lat="43.41767" lon="-2.709557">
        <ele>33.1</ele>
      </trkpt>
      <trkpt lat="43.417726" lon="-2.709608">
        <ele>32.7</ele>
      </trkpt>
      <trkpt lat="43.417815" lon="-2.709648">
        <ele>31.5</ele>
      </trkpt>
      <trkpt lat="43.417863" lon="-2.709665">
        <ele>30.8</ele>
      </trkpt>
      <trkpt lat="43.417939" lon="-2.709777">
        <ele>29.9</ele>
      </trkpt>
      <trkpt lat="43.417993" lon="-2.709887">
        <ele>27.5</ele>
      </trkpt>
      <trkpt lat="43.418017" lon="-2.709968">
        <ele>25.9</ele>
      </trkpt>
      <trkpt lat="43.418026" lon="-2.710075">
        <ele>26.1</ele>
      </trkpt>
      <trkpt lat="43.418036" lon="-2.710264">
        <ele>28.0</ele>
      </trkpt>
      <trkpt lat="43.418023" lon="-2.710345">
        <ele>28.8</ele>
      </trkpt>
      <trkpt lat="43.418037" lon="-2.710541">
        <ele>27.1</ele>
      </trkpt>
      <trkpt lat="43.418033" lon="-2.710697">
        <ele>26.6</ele>
      </trkpt>
      <trkpt lat="43.418005" lon="-2.710868">
        <ele>26.6</ele>
      </trkpt>
      <trkpt lat="43.41796" lon="-2.710994">
        <ele>27.1</ele>
      </trkpt>
      <trkpt lat="43.417913" lon="-2.711094">
        <ele>27.5</ele>
      </trkpt>
      <trkpt lat="43.417835" lon="-2.711199">
        <ele>27.9</ele>
      </trkpt>
      <trkpt lat="43.417747" lon="-2.711281">
        <ele>28.5</ele>
      </trkpt>
      <trkpt lat="43.417541" lon="-2.711382">
        <ele>30.4</ele>
      </trkpt>
      <trkpt lat="43.417396" lon="-2.711447">
        <ele>31.5</ele>
      </trkpt>
      <trkpt lat="43.417355" lon="-2.711494">
        <ele>31.2</ele>
      </trkpt>
      <trkpt lat="43.417328" lon="-2.71155">
        <ele>30.5</ele>
      </trkpt>
      <trkpt lat="43.417314" lon="-2.711657">
        <ele>28.7</ele>
      </trkpt>
      <trkpt lat="43.417301" lon="-2.711881">
        <ele>26.4</ele>
      </trkpt>
      <trkpt lat="43.417297" lon="-2.712239">
        <ele>21.3</ele>
      </trkpt>
      <trkpt lat="43.417299" lon="-2.712678">
        <ele>15.2</ele>
      </trkpt>
      <trkpt lat="43.417292" lon="-2.712941">
        <ele>12.7</ele>
      </trkpt>
      <trkpt lat="43.417286" lon="-2.713083">
        <ele>11.7</ele>
      </trkpt>
      <trkpt lat="43.417265" lon="-2.713275">
        <ele>11.0</ele>
      </trkpt>
      <trkpt lat="43.417238" lon="-2.713408">
        <ele>11.7</ele>
      </trkpt>
      <trkpt lat="43.417179" lon="-2.713606">
        <ele>13.8</ele>
      </trkpt>
      <trkpt lat="43.417077" lon="-2.713971">
        <ele>15.9</ele>
      </trkpt>
      <trkpt lat="43.417057" lon="-2.714045">
        <ele>16.3</ele>
      </trkpt>
      <trkpt lat="43.41704" lon="-2.714132">
        <ele>16.8</ele>
      </trkpt>
      <trkpt lat="43.417043" lon="-2.714202">
        <ele>16.9</ele>
      </trkpt>
      <trkpt lat="43.417076" lon="-2.714305">
        <ele>16.0</ele>
      </trkpt>
      <trkpt lat="43.4171" lon="-2.714374">
        <ele>15.3</ele>
      </trkpt>
      <trkpt lat="43.41711" lon="-2.714445">
        <ele>15.1</ele>
      </trkpt>
      <trkpt lat="43.417109" lon="-2.714562">
        <ele>16.0</ele>
      </trkpt>
      <trkpt lat="43.417082" lon="-2.714667">
        <ele>18.4</ele>
      </trkpt>
      <trkpt lat="43.417027" lon="-2.7148">
        <ele>21.9</ele>
      </trkpt>
      <trkpt lat="43.417007" lon="-2.714874">
        <ele>23.0</ele>
      </trkpt>
      <trkpt lat="43.416991" lon="-2.714956">
        <ele>23.7</ele>
      </trkpt>
      <trkpt lat="43.416975" lon="-2.715058">
        <ele>24.3</ele>
      </trkpt>
      <trkpt lat="43.416961" lon="-2.715218">
        <ele>24.5</ele>
      </trkpt>
      <trkpt lat="43.416961" lon="-2.715319">
        <ele>24.6</ele>
      </trkpt>
      <trkpt lat="43.416961" lon="-2.715427">
        <ele>24.9</ele>
      </trkpt>
      <trkpt lat="43.416967" lon="-2.715555">
        <ele>25.1</ele>
      </trkpt>
      <trkpt lat="43.41698" lon="-2.715678">
        <ele>24.8</ele>
      </trkpt>
      <trkpt lat="43.417006" lon="-2.715839">
        <ele>24.0</ele>
      </trkpt>
      <trkpt lat="43.417031" lon="-2.715963">
        <ele>23.5</ele>
      </trkpt>
      <trkpt lat="43.417088" lon="-2.71621">
        <ele>21.6</ele>
      </trkpt>
      <trkpt lat="43.417111" lon="-2.716334">
        <ele>21.7</ele>
      </trkpt>
      <trkpt lat="43.417132" lon="-2.716458">
        <ele>22.5</ele>
      </trkpt>
      <trkpt lat="43.417145" lon="-2.716582">
        <ele>24.4</ele>
      </trkpt>
      <trkpt lat="43.417148" lon="-2.716714">
        <ele>26.7</ele>
      </trkpt>
      <trkpt lat="43.417149" lon="-2.716853">
        <ele>29.0</ele>
      </trkpt>
      <trkpt lat="43.417147" lon="-2.716956">
        <ele>30.0</ele>
      </trkpt>
      <trkpt lat="43.417135" lon="-2.717078">
        <ele>30.2</ele>
      </trkpt>
      <trkpt lat="43.417122" lon="-2.717163">
        <ele>30.1</ele>
      </trkpt>
      <trkpt lat="43.417093" lon="-2.717281">
        <ele>30.6</ele>
      </trkpt>
      <trkpt lat="43.417061" lon="-2.717392">
        <ele>31.5</ele>
      </trkpt>
      <trkpt lat="43.417031" lon="-2.717487">
        <ele>32.3</ele>
      </trkpt>
      <trkpt lat="43.416978" lon="-2.717666">
        <ele>32.6</ele>
      </trkpt>
      <trkpt lat="43.416954" lon="-2.717779">
        <ele>32.5</ele>
      </trkpt>
      <trkpt lat="43.416947" lon="-2.717843">
        <ele>32.4</ele>
      </trkpt>
      <trkpt lat="43.416948" lon="-2.717919">
        <ele>32.1</ele>
      </trkpt>
      <trkpt lat="43.416964" lon="-2.718055">
        <ele>31.2</ele>
      </trkpt>
      <trkpt lat="43.416964" lon="-2.718087">
        <ele>31.3</ele>
      </trkpt>
      <trkpt lat="43.416989" lon="-2.718253">
        <ele>30.9</ele>
      </trkpt>
      <trkpt lat="43.416998" lon="-2.718331">
        <ele>30.6</ele>
      </trkpt>
      <trkpt lat="43.417" lon="-2.718419">
        <ele>30.0</ele>
      </trkpt>
      <trkpt lat="43.416984" lon="-2.718581">
        <ele>29.3</ele>
      </trkpt>
      <trkpt lat="43.416949" lon="-2.718772">
        <ele>30.5</ele>
      </trkpt>
      <trkpt lat="43.416922" lon="-2.718975">
        <ele>29.5</ele>
      </trkpt>
      <trkpt lat="43.416882" lon="-2.719241">
        <ele>25.5</ele>
      </trkpt>
      <trkpt lat="43.416858" lon="-2.719395">
        <ele>23.8</ele>
      </trkpt>
      <trkpt lat="43.416832" lon="-2.719538">
        <ele>23.2</ele>
      </trkpt>
      <trkpt lat="43.416762" lon="-2.719766">
        <ele>24.6</ele>
      </trkpt>
      <trkpt lat="43.416661" lon="-2.720085">
        <ele>25.8</ele>
      </trkpt>
      <trkpt lat="43.416603" lon="-2.720276">
        <ele>27.9</ele>
      </trkpt>
      <trkpt lat="43.416588" lon="-2.720374">
        <ele>27.9</ele>
      </trkpt>
      <trkpt lat="43.416593" lon="-2.720498">
        <ele>26.8</ele>
      </trkpt>
      <trkpt lat="43.41665" lon="-2.720858">
        <ele>23.8</ele>
      </trkpt>
      <trkpt lat="43.416744" lon="-2.721432">
        <ele>20.0</ele>
      </trkpt>
      <trkpt lat="43.416811" lon="-2.721848">
        <ele>20.0</ele>
      </trkpt>
      <trkpt lat="43.416849" lon="-2.722086">
        <ele>20.4</ele>
      </trkpt>
      <trkpt lat="43.41689" lon="-2.722285">
        <ele>18.8</ele>
      </trkpt>
      <trkpt lat="43.416929" lon="-2.722468">
        <ele>16.6</ele>
      </trkpt>
      <trkpt lat="43.416981" lon="-2.722693">
        <ele>15.6</ele>
      </trkpt>
      <trkpt lat="43.417005" lon="-2.722778">
        <ele>15.4</ele>
      </trkpt>
      <trkpt lat="43.417042" lon="-2.722853">
        <ele>14.8</ele>
      </trkpt>
      <trkpt lat="43.417083" lon="-2.722915">
        <ele>14.2</ele>
      </trkpt>
      <trkpt lat="43.417116" lon="-2.72295">
        <ele>13.8</ele>
      </trkpt>
      <trkpt lat="43.417193" lon="-2.723006">
        <ele>13.0</ele>
      </trkpt>
      <trkpt lat="43.417388" lon="-2.723136">
        <ele>12.4</ele>
      </trkpt>
      <trkpt lat="43.41741" lon="-2.723118">
        <ele>12.1</ele>
      </trkpt>
      <trkpt lat="43.41744" lon="-2.723138">
        <ele>12.2</ele>
      </trkpt>
      <trkpt lat="43.417587" lon="-2.723233">
        <ele>11.9</ele>
      </trkpt>
      <trkpt lat="43.417926" lon="-2.723464">
        <ele>10.5</ele>
      </trkpt>
      <trkpt lat="43.418182" lon="-2.723643">
        <ele>9.2</ele>
      </trkpt>
      <trkpt lat="43.418188" lon="-2.723648">
        <ele>9.2</ele>
      </trkpt>
      <trkpt lat="43.418296" lon="-2.723607">
        <ele>8.2</ele>
      </trkpt>
      <trkpt lat="43.418342" lon="-2.723589">
        <ele>7.8</ele>
      </trkpt>
      <trkpt lat="43.418376" lon="-2.723576">
        <ele>7.5</ele>
      </trkpt>
      <trkpt lat="43.418427" lon="-2.723579">
        <ele>7.2</ele>
      </trkpt>
      <trkpt lat="43.418479" lon="-2.723548">
        <ele>6.7</ele>
      </trkpt>
      <trkpt lat="43.418496" lon="-2.72351">
        <ele>6.4</ele>
      </trkpt>
      <trkpt lat="43.418559" lon="-2.723298">
        <ele>4.6</ele>
      </trkpt>
      <trkpt lat="43.418611" lon="-2.723326">
        <ele>4.9</ele>
      </trkpt>
      <trkpt lat="43.418635" lon="-2.72334">
        <ele>5.2</ele>
      </trkpt>
      <trkpt lat="43.418646" lon="-2.723343">
        <ele>5.3</ele>
      </trkpt>
      <trkpt lat="43.418657" lon="-2.723347">
        <ele>5.4</ele>
      </trkpt>
      <trkpt lat="43.41868" lon="-2.723337">
        <ele>5.5</ele>
      </trkpt>
      <trkpt lat="43.418808" lon="-2.723403">
        <ele>7.6</ele>
      </trkpt>
      <trkpt lat="43.418852" lon="-2.723425">
        <ele>8.3</ele>
      </trkpt>
      <trkpt lat="43.418962" lon="-2.723481">
        <ele>9.8</ele>
      </trkpt>
      <trkpt lat="43.418987" lon="-2.723514">
        <ele>10.1</ele>
      </trkpt>
      <trkpt lat="43.419066" lon="-2.723572">
        <ele>10.6</ele>
      </trkpt>
      <trkpt lat="43.419097" lon="-2.723627">
        <ele>10.8</ele>
      </trkpt>
      <trkpt lat="43.419115" lon="-2.723685">
        <ele>10.9</ele>
      </trkpt>
      <trkpt lat="43.419098" lon="-2.723934">
        <ele>11.4</ele>
      </trkpt>
      <trkpt lat="43.419082" lon="-2.724102">
        <ele>11.2</ele>
      </trkpt>
      <trkpt lat="43.419077" lon="-2.724126">
        <ele>11.2</ele>
      </trkpt>
      <trkpt lat="43.419059" lon="-2.724275">
        <ele>10.6</ele>
      </trkpt>
      <trkpt lat="43.419102" lon="-2.724406">
        <ele>10.5</ele>
      </trkpt>
      <trkpt lat="43.419139" lon="-2.724526">
        <ele>10.4</ele>
      </trkpt>
      <trkpt lat="43.419148" lon="-2.724553">
        <ele>10.4</ele>
      </trkpt>
      <trkpt lat="43.419177" lon="-2.724627">
        <ele>10.3</ele>
      </trkpt>
      <trkpt lat="43.419191" lon="-2.724672">
        <ele>10.3</ele>
      </trkpt>
      <trkpt lat="43.419192" lon="-2.724706">
        <ele>10.2</ele>
      </trkpt>
      <trkpt lat="43.419209" lon="-2.724755">
        <ele>10.4</ele>
      </trkpt>
      <trkpt lat="43.419346" lon="-2.725104">
        <ele>11.9</ele>
      </trkpt>
      <trkpt lat="43.419483" lon="-2.725453">
        <ele>11.6</ele>
      </trkpt>
      <trkpt lat="43.419512" lon="-2.725497">
        <ele>11.7</ele>
      </trkpt>
      <trkpt lat="43.419532" lon="-2.725451">
        <ele>12.0</ele>
      </trkpt>
      <trkpt lat="43.419535" lon="-2.725333">
        <ele>12.5</ele>
      </trkpt>
      <trkpt lat="43.419534" lon="-2.725277">
        <ele>12.7</ele>
      </trkpt>
      <trkpt lat="43.419574" lon="-2.725367">
        <ele>12.7</ele>
      </trkpt>
      <trkpt lat="43.419611" lon="-2.725355">
        <ele>13.1</ele>
      </trkpt>
      <trkpt lat="43.419639" lon="-2.725463">
        <ele>13.1</ele>
      </trkpt>
      <trkpt lat="43.419674" lon="-2.725494">
        <ele>13.4</ele>
      </trkpt>
      <trkpt lat="43.41971" lon="-2.725514">
        <ele>13.9</ele>
      </trkpt>
      <trkpt lat="43.419769" lon="-2.725538">
        <ele>14.9</ele>
      </trkpt>
      <trkpt lat="43.419901" lon="-2.725499">
        <ele>17.8</ele>
      </trkpt>
      <trkpt lat="43.419976" lon="-2.725486">
        <ele>19.6</ele>
      </trkpt>
      <trkpt lat="43.420233" lon="-2.725411">
        <ele>25.6</ele>
      </trkpt>
      <trkpt lat="43.420287" lon="-2.725417">
        <ele>26.5</ele>
      </trkpt>
      <trkpt lat="43.420374" lon="-2.72552">
        <ele>27.4</ele>
      </trkpt>
      <trkpt lat="43.420425" lon="-2.725572">
        <ele>27.8</ele>
      </trkpt>
      <trkpt lat="43.420455" lon="-2.725591">
        <ele>28.1</ele>
      </trkpt>
      <trkpt lat="43.420689" lon="-2.725735">
        <ele>29.8</ele>
      </trkpt>
      <trkpt lat="43.420744" lon="-2.725801">
        <ele>29.9</ele>
      </trkpt>
      <trkpt lat="43.420767" lon="-2.725837">
        <ele>29.9</ele>
      </trkpt>
      <trkpt lat="43.420778" lon="-2.725895">
        <ele>29.7</ele>
      </trkpt>
      <trkpt lat="43.420908" lon="-2.726208">
        <ele>28.7</ele>
      </trkpt>
      <trkpt lat="43.421016" lon="-2.726452">
        <ele>27.7</ele>
      </trkpt>
      <trkpt lat="43.421039" lon="-2.726537">
        <ele>27.4</ele>
      </trkpt>
      <trkpt lat="43.421067" lon="-2.726612">
        <ele>27.2</ele>
      </trkpt>
      <trkpt lat="43.421111" lon="-2.72679">
        <ele>26.2</ele>
      </trkpt>
      <trkpt lat="43.421152" lon="-2.726938">
        <ele>25.2</ele>
      </trkpt>
      <trkpt lat="43.421197" lon="-2.727097">
        <ele>24.3</ele>
      </trkpt>
      <trkpt lat="43.421249" lon="-2.72725">
        <ele>23.6</ele>
      </trkpt>
      <trkpt lat="43.421365" lon="-2.727568">
        <ele>23.4</ele>
      </trkpt>
      <trkpt lat="43.421505" lon="-2.727953">
        <ele>24.0</ele>
      </trkpt>
      <trkpt lat="43.421645" lon="-2.728338">
        <ele>25.7</ele>
      </trkpt>
      <trkpt lat="43.421777" lon="-2.728688">
        <ele>26.2</ele>
      </trkpt>
      <trkpt lat="43.421834" lon="-2.728802">
        <ele>26.9</ele>
      </trkpt>
      <trkpt lat="43.421853" lon="-2.728861">
        <ele>27.2</ele>
      </trkpt>
      <trkpt lat="43.421949" lon="-2.729157">
        <ele>28.0</ele>
      </trkpt>
      <trkpt lat="43.422092" lon="-2.729687">
        <ele>29.7</ele>
      </trkpt>
      <trkpt lat="43.422191" lon="-2.730042">
        <ele>29.5</ele>
      </trkpt>
      <trkpt lat="43.42229" lon="-2.730396">
        <ele>31.5</ele>
      </trkpt>
      <trkpt lat="43.422339" lon="-2.730609">
        <ele>33.0</ele>
      </trkpt>
      <trkpt lat="43.422379" lon="-2.730889">
        <ele>34.1</ele>
      </trkpt>
      <trkpt lat="43.422449" lon="-2.731375">
        <ele>34.4</ele>
      </trkpt>
      <trkpt lat="43.422518" lon="-2.731861">
        <ele>35.3</ele>
      </trkpt>
      <trkpt lat="43.422582" lon="-2.732279">
        <ele>37.4</ele>
      </trkpt>
      <trkpt lat="43.422645" lon="-2.732696">
        <ele>40.0</ele>
      </trkpt>
      <trkpt lat="43.422709" lon="-2.732682">
        <ele>40.9</ele>
      </trkpt>
      <trkpt lat="43.422751" lon="-2.732882">
        <ele>41.7</ele>
      </trkpt>
      <trkpt lat="43.422817" lon="-2.73306">
        <ele>42.6</ele>
      </trkpt>
      <trkpt lat="43.422894" lon="-2.733176">
        <ele>43.8</ele>
      </trkpt>
      <trkpt lat="43.423011" lon="-2.733323">
        <ele>45.4</ele>
      </trkpt>
      <trkpt lat="43.423156" lon="-2.733445">
        <ele>47.1</ele>
      </trkpt>
      <trkpt lat="43.423354" lon="-2.73368">
        <ele>49.4</ele>
      </trkpt>
      <trkpt lat="43.423445" lon="-2.733806">
        <ele>50.5</ele>
      </trkpt>
      <trkpt lat="43.423545" lon="-2.733903">
        <ele>50.8</ele>
      </trkpt>
      <trkpt lat="43.423542" lon="-2.733981">
        <ele>51.0</ele>
      </trkpt>
      <trkpt lat="43.423575" lon="-2.733997">
        <ele>51.2</ele>
      </trkpt>
      <trkpt lat="43.423602" lon="-2.734009">
        <ele>51.3</ele>
      </trkpt>
      <trkpt lat="43.423693" lon="-2.734122">
        <ele>52.0</ele>
      </trkpt>
      <trkpt lat="43.423837" lon="-2.734306">
        <ele>52.3</ele>
      </trkpt>
      <trkpt lat="43.423866" lon="-2.734352">
        <ele>52.5</ele>
      </trkpt>
      <trkpt lat="43.424083" lon="-2.734642">
        <ele>54.5</ele>
      </trkpt>
      <trkpt lat="43.424256" lon="-2.734859">
        <ele>55.8</ele>
      </trkpt>
      <trkpt lat="43.424368" lon="-2.734955">
        <ele>57.1</ele>
      </trkpt>
      <trkpt lat="43.424439" lon="-2.734978">
        <ele>57.9</ele>
      </trkpt>
      <trkpt lat="43.424545" lon="-2.734984">
        <ele>59.1</ele>
      </trkpt>
      <trkpt lat="43.424697" lon="-2.734965">
        <ele>60.7</ele>
      </trkpt>
      <trkpt lat="43.424768" lon="-2.734962">
        <ele>61.2</ele>
      </trkpt>
      <trkpt lat="43.424768" lon="-2.735212">
        <ele>62.2</ele>
      </trkpt>
      <trkpt lat="43.424726" lon="-2.735366">
        <ele>62.3</ele>
      </trkpt>
      <trkpt lat="43.424609" lon="-2.735675">
        <ele>62.7</ele>
      </trkpt>
      <trkpt lat="43.424491" lon="-2.735984">
        <ele>63.8</ele>
      </trkpt>
      <trkpt lat="43.424431" lon="-2.736158">
        <ele>64.0</ele>
      </trkpt>
      <trkpt lat="43.424399" lon="-2.736267">
        <ele>63.6</ele>
      </trkpt>
      <trkpt lat="43.424364" lon="-2.736446">
        <ele>63.5</ele>
      </trkpt>
      <trkpt lat="43.424354" lon="-2.736851">
        <ele>66.3</ele>
      </trkpt>
      <trkpt lat="43.424271" lon="-2.737099">
        <ele>65.5</ele>
      </trkpt>
      <trkpt lat="43.424203" lon="-2.737423">
        <ele>63.8</ele>
      </trkpt>
      <trkpt lat="43.424154" lon="-2.73772">
        <ele>64.3</ele>
      </trkpt>
      <trkpt lat="43.42408" lon="-2.738008">
        <ele>65.2</ele>
      </trkpt>
      <trkpt lat="43.424053" lon="-2.738135">
        <ele>65.5</ele>
      </trkpt>
      <trkpt lat="43.424045" lon="-2.738253">
        <ele>65.9</ele>
      </trkpt>
      <trkpt lat="43.424048" lon="-2.738476">
        <ele>66.9</ele>
      </trkpt>
      <trkpt lat="43.424074" lon="-2.738743">
        <ele>68.3</ele>
      </trkpt>
      <trkpt lat="43.424094" lon="-2.738912">
        <ele>69.0</ele>
      </trkpt>
      <trkpt lat="43.424161" lon="-2.739223">
        <ele>67.6</ele>
      </trkpt>
      <trkpt lat="43.424221" lon="-2.739466">
        <ele>66.5</ele>
      </trkpt>
      <trkpt lat="43.424274" lon="-2.739772">
        <ele>64.6</ele>
      </trkpt>
      <trkpt lat="43.424296" lon="-2.739983">
        <ele>64.7</ele>
      </trkpt>
      <trkpt lat="43.424303" lon="-2.740086">
        <ele>64.8</ele>
      </trkpt>
      <trkpt lat="43.424281" lon="-2.740272">
        <ele>64.0</ele>
      </trkpt>
      <trkpt lat="43.424219" lon="-2.740506">
        <ele>63.1</ele>
      </trkpt>
      <trkpt lat="43.424128" lon="-2.740825">
        <ele>63.2</ele>
      </trkpt>
      <trkpt lat="43.424082" lon="-2.740979">
        <ele>64.5</ele>
      </trkpt>
      <trkpt lat="43.424048" lon="-2.741121">
        <ele>66.5</ele>
      </trkpt>
      <trkpt lat="43.424026" lon="-2.74122">
        <ele>67.9</ele>
      </trkpt>
      <trkpt lat="43.423987" lon="-2.741398">
        <ele>69.7</ele>
      </trkpt>
      <trkpt lat="43.423931" lon="-2.741497">
        <ele>70.2</ele>
      </trkpt>
      <trkpt lat="43.423825" lon="-2.741615">
        <ele>69.9</ele>
      </trkpt>
      <trkpt lat="43.423913" lon="-2.74171">
        <ele>71.5</ele>
      </trkpt>
      <trkpt lat="43.423987" lon="-2.741806">
        <ele>72.8</ele>
      </trkpt>
      <trkpt lat="43.424012" lon="-2.741854">
        <ele>73.4</ele>
      </trkpt>
      <trkpt lat="43.424016" lon="-2.741908">
        <ele>73.9</ele>
      </trkpt>
      <trkpt lat="43.424055" lon="-2.741976">
        <ele>75.2</ele>
      </trkpt>
      <trkpt lat="43.424094" lon="-2.741999">
        <ele>75.9</ele>
      </trkpt>
      <trkpt lat="43.424184" lon="-2.742037">
        <ele>77.4</ele>
      </trkpt>
      <trkpt lat="43.424293" lon="-2.742116">
        <ele>79.9</ele>
      </trkpt>
      <trkpt lat="43.424394" lon="-2.742202">
        <ele>82.8</ele>
      </trkpt>
      <trkpt lat="43.42445" lon="-2.742258">
        <ele>84.6</ele>
      </trkpt>
      <trkpt lat="43.424498" lon="-2.742286">
        <ele>85.9</ele>
      </trkpt>
      <trkpt lat="43.424547" lon="-2.742306">
        <ele>87.1</ele>
      </trkpt>
      <trkpt lat="43.424627" lon="-2.742329">
        <ele>89.0</ele>
      </trkpt>
      <trkpt lat="43.424695" lon="-2.742375">
        <ele>91.0</ele>
      </trkpt>
      <trkpt lat="43.424783" lon="-2.742449">
        <ele>93.6</ele>
      </trkpt>
      <trkpt lat="43.424843" lon="-2.742487">
        <ele>95.2</ele>
      </trkpt>
      <trkpt lat="43.424894" lon="-2.742502">
        <ele>96.5</ele>
      </trkpt>
      <trkpt lat="43.424935" lon="-2.742482">
        <ele>97.1</ele>
      </trkpt>
      <trkpt lat="43.424972" lon="-2.742423">
        <ele>97.5</ele>
      </trkpt>
      <trkpt lat="43.425042" lon="-2.742266">
        <ele>98.5</ele>
      </trkpt>
      <trkpt lat="43.42513" lon="-2.742045">
        <ele>99.2</ele>
      </trkpt>
      <trkpt lat="43.425165" lon="-2.741976">
        <ele>99.3</ele>
      </trkpt>
      <trkpt lat="43.425208" lon="-2.741956">
        <ele>99.9</ele>
      </trkpt>
      <trkpt lat="43.425237" lon="-2.74188">
        <ele>99.8</ele>
      </trkpt>
      <trkpt lat="43.425247" lon="-2.741829">
        <ele>99.6</ele>
      </trkpt>
      <trkpt lat="43.425254" lon="-2.741732">
        <ele>99.2</ele>
      </trkpt>
      <trkpt lat="43.425274" lon="-2.741666">
        <ele>99.0</ele>
      </trkpt>
      <trkpt lat="43.42533" lon="-2.741631">
        <ele>99.0</ele>
      </trkpt>
      <trkpt lat="43.425396" lon="-2.741611">
        <ele>98.8</ele>
      </trkpt>
      <trkpt lat="43.42545" lon="-2.741593">
        <ele>98.6</ele>
      </trkpt>
      <trkpt lat="43.425448" lon="-2.741637">
        <ele>98.9</ele>
      </trkpt>
      <trkpt lat="43.425447" lon="-2.741684">
        <ele>99.4</ele>
      </trkpt>
      <trkpt lat="43.425447" lon="-2.741729">
        <ele>99.9</ele>
      </trkpt>
      <trkpt lat="43.425447" lon="-2.741786">
        <ele>100.5</ele>
      </trkpt>
      <trkpt lat="43.425443" lon="-2.741853">
        <ele>101.3</ele>
      </trkpt>
      <trkpt lat="43.425441" lon="-2.741941">
        <ele>102.4</ele>
      </trkpt>
      <trkpt lat="43.425441" lon="-2.742036">
        <ele>103.5</ele>
      </trkpt>
      <trkpt lat="43.425446" lon="-2.742143">
        <ele>104.8</ele>
      </trkpt>
      <trkpt lat="43.425474" lon="-2.742234">
        <ele>106.0</ele>
      </trkpt>
      <trkpt lat="43.425506" lon="-2.742312">
        <ele>107.3</ele>
      </trkpt>
      <trkpt lat="43.425552" lon="-2.742374">
        <ele>108.7</ele>
      </trkpt>
      <trkpt lat="43.425603" lon="-2.742433">
        <ele>109.9</ele>
      </trkpt>
      <trkpt lat="43.425657" lon="-2.742488">
        <ele>110.8</ele>
      </trkpt>
      <trkpt lat="43.425727" lon="-2.742537">
        <ele>110.9</ele>
      </trkpt>
      <trkpt lat="43.425794" lon="-2.742594">
        <ele>110.9</ele>
      </trkpt>
      <trkpt lat="43.425841" lon="-2.742655">
        <ele>111.0</ele>
      </trkpt>
      <trkpt lat="43.425871" lon="-2.742702">
        <ele>111.2</ele>
      </trkpt>
      <trkpt lat="43.425952" lon="-2.742807">
        <ele>112.0</ele>
      </trkpt>
      <trkpt lat="43.425997" lon="-2.742857">
        <ele>112.5</ele>
      </trkpt>
      <trkpt lat="43.426113" lon="-2.742929">
        <ele>113.4</ele>
      </trkpt>
      <trkpt lat="43.426127" lon="-2.742938">
        <ele>113.5</ele>
      </trkpt>
      <trkpt lat="43.426172" lon="-2.742931">
        <ele>113.4</ele>
      </trkpt>
      <trkpt lat="43.426219" lon="-2.742909">
        <ele>113.2</ele>
      </trkpt>
      <trkpt lat="43.426293" lon="-2.742864">
        <ele>112.6</ele>
      </trkpt>
      <trkpt lat="43.426354" lon="-2.742845">
        <ele>112.5</ele>
      </trkpt>
      <trkpt lat="43.426417" lon="-2.742824">
        <ele>112.8</ele>
      </trkpt>
      <trkpt lat="43.426475" lon="-2.742826">
        <ele>113.4</ele>
      </trkpt>
      <trkpt lat="43.426525" lon="-2.742848">
        <ele>114.3</ele>
      </trkpt>
      <trkpt lat="43.426553" lon="-2.742903">
        <ele>115.0</ele>
      </trkpt>
      <trkpt lat="43.426561" lon="-2.742945">
        <ele>115.4</ele>
      </trkpt>
      <trkpt lat="43.426562" lon="-2.743009">
        <ele>116.1</ele>
      </trkpt>
      <trkpt lat="43.426561" lon="-2.743087">
        <ele>117.6</ele>
      </trkpt>
      <trkpt lat="43.426557" lon="-2.743185">
        <ele>120.5</ele>
      </trkpt>
      <trkpt lat="43.426559" lon="-2.743285">
        <ele>124.1</ele>
      </trkpt>
      <trkpt lat="43.426571" lon="-2.743357">
        <ele>127.0</ele>
      </trkpt>
      <trkpt lat="43.426583" lon="-2.743453">
        <ele>130.7</ele>
      </trkpt>
      <trkpt lat="43.426591" lon="-2.743539">
        <ele>133.7</ele>
      </trkpt>
      <trkpt lat="43.426595" lon="-2.743632">
        <ele>136.5</ele>
      </trkpt>
      <trkpt lat="43.426586" lon="-2.743733">
        <ele>139.0</ele>
      </trkpt>
      <trkpt lat="43.426568" lon="-2.743851">
        <ele>141.5</ele>
      </trkpt>
      <trkpt lat="43.426866" lon="-2.743592">
        <ele>140.7</ele>
      </trkpt>
      <trkpt lat="43.427065" lon="-2.743411">
        <ele>143.4</ele>
      </trkpt>
      <trkpt lat="43.427192" lon="-2.74332">
        <ele>146.0</ele>
      </trkpt>
      <trkpt lat="43.427217" lon="-2.743302">
        <ele>146.3</ele>
      </trkpt>
      <trkpt lat="43.427279" lon="-2.743258">
        <ele>146.6</ele>
      </trkpt>
      <trkpt lat="43.427514" lon="-2.743107">
        <ele>148.1</ele>
      </trkpt>
      <trkpt lat="43.427668" lon="-2.743023">
        <ele>151.9</ele>
      </trkpt>
      <trkpt lat="43.42772" lon="-2.74298">
        <ele>153.0</ele>
      </trkpt>
      <trkpt lat="43.427872" lon="-2.742938">
        <ele>156.7</ele>
      </trkpt>
      <trkpt lat="43.428001" lon="-2.742896">
        <ele>159.5</ele>
      </trkpt>
      <trkpt lat="43.428132" lon="-2.742826">
        <ele>162.4</ele>
      </trkpt>
      <trkpt lat="43.428221" lon="-2.742788">
        <ele>164.7</ele>
      </trkpt>
      <trkpt lat="43.428411" lon="-2.742742">
        <ele>169.3</ele>
      </trkpt>
      <trkpt lat="43.428531" lon="-2.742719">
        <ele>171.8</ele>
      </trkpt>
      <trkpt lat="43.42866" lon="-2.742724">
        <ele>175.1</ele>
      </trkpt>
      <trkpt lat="43.428736" lon="-2.74275">
        <ele>177.5</ele>
      </trkpt>
      <trkpt lat="43.428903" lon="-2.742816">
        <ele>183.5</ele>
      </trkpt>
      <trkpt lat="43.429046" lon="-2.742811">
        <ele>186.7</ele>
      </trkpt>
      <trkpt lat="43.429184" lon="-2.742767">
        <ele>187.9</ele>
      </trkpt>
      <trkpt lat="43.429263" lon="-2.742715">
        <ele>187.4</ele>
      </trkpt>
      <trkpt lat="43.429459" lon="-2.742606">
        <ele>186.6</ele>
      </trkpt>
      <trkpt lat="43.429616" lon="-2.742468">
        <ele>185.1</ele>
      </trkpt>
      <trkpt lat="43.429722" lon="-2.742408">
        <ele>184.8</ele>
      </trkpt>
      <trkpt lat="43.429809" lon="-2.742392">
        <ele>184.9</ele>
      </trkpt>
      <trkpt lat="43.429855" lon="-2.742401">
        <ele>185.1</ele>
      </trkpt>
      <trkpt lat="43.429907" lon="-2.742449">
        <ele>185.9</ele>
      </trkpt>
      <trkpt lat="43.429912" lon="-2.742518">
        <ele>187.3</ele>
      </trkpt>
      <trkpt lat="43.429898" lon="-2.742608">
        <ele>189.5</ele>
      </trkpt>
      <trkpt lat="43.429843" lon="-2.74272">
        <ele>192.8</ele>
      </trkpt>
      <trkpt lat="43.429809" lon="-2.742835">
        <ele>195.8</ele>
      </trkpt>
      <trkpt lat="43.429766" lon="-2.743058">
        <ele>201.1</ele>
      </trkpt>
      <trkpt lat="43.429726" lon="-2.74325">
        <ele>202.0</ele>
      </trkpt>
      <trkpt lat="43.42967" lon="-2.743452">
        <ele>204.4</ele>
      </trkpt>
      <trkpt lat="43.429608" lon="-2.743623">
        <ele>207.8</ele>
      </trkpt>
      <trkpt lat="43.429532" lon="-2.743863">
        <ele>211.9</ele>
      </trkpt>
      <trkpt lat="43.429484" lon="-2.744045">
        <ele>215.6</ele>
      </trkpt>
      <trkpt lat="43.429437" lon="-2.744197">
        <ele>218.4</ele>
      </trkpt>
      <trkpt lat="43.429408" lon="-2.744329">
        <ele>220.0</ele>
      </trkpt>
      <trkpt lat="43.42938" lon="-2.744422">
        <ele>221.0</ele>
      </trkpt>
      <trkpt lat="43.429341" lon="-2.744522">
        <ele>222.2</ele>
      </trkpt>
      <trkpt lat="43.429274" lon="-2.744653">
        <ele>223.9</ele>
      </trkpt>
      <trkpt lat="43.429201" lon="-2.744784">
        <ele>225.7</ele>
      </trkpt>
      <trkpt lat="43.428968" lon="-2.745144">
        <ele>230.3</ele>
      </trkpt>
      <trkpt lat="43.4288" lon="-2.745423">
        <ele>230.3</ele>
      </trkpt>
      <trkpt lat="43.428718" lon="-2.745629">
        <ele>231.5</ele>
      </trkpt>
      <trkpt lat="43.42871" lon="-2.745655">
        <ele>231.7</ele>
      </trkpt>
      <trkpt lat="43.428687" lon="-2.745732">
        <ele>232.4</ele>
      </trkpt>
      <trkpt lat="43.428645" lon="-2.745981">
        <ele>235.9</ele>
      </trkpt>
      <trkpt lat="43.428611" lon="-2.746186">
        <ele>238.5</ele>
      </trkpt>
      <trkpt lat="43.428545" lon="-2.746464">
        <ele>240.2</ele>
      </trkpt>
      <trkpt lat="43.428486" lon="-2.746621">
        <ele>242.8</ele>
      </trkpt>
      <trkpt lat="43.428388" lon="-2.746883">
        <ele>246.3</ele>
      </trkpt>
      <trkpt lat="43.428308" lon="-2.747061">
        <ele>248.8</ele>
      </trkpt>
      <trkpt lat="43.428268" lon="-2.747211">
        <ele>250.9</ele>
      </trkpt>
      <trkpt lat="43.428244" lon="-2.747332">
        <ele>251.9</ele>
      </trkpt>
      <trkpt lat="43.428239" lon="-2.747477">
        <ele>252.8</ele>
      </trkpt>
      <trkpt lat="43.428246" lon="-2.747631">
        <ele>254.3</ele>
      </trkpt>
      <trkpt lat="43.428226" lon="-2.747775">
        <ele>255.7</ele>
      </trkpt>
      <trkpt lat="43.428186" lon="-2.747857">
        <ele>256.2</ele>
      </trkpt>
      <trkpt lat="43.428151" lon="-2.747925">
        <ele>256.8</ele>
      </trkpt>
      <trkpt lat="43.428136" lon="-2.748">
        <ele>257.7</ele>
      </trkpt>
      <trkpt lat="43.428136" lon="-2.74816">
        <ele>259.7</ele>
      </trkpt>
      <trkpt lat="43.428144" lon="-2.748386">
        <ele>262.9</ele>
      </trkpt>
      <trkpt lat="43.428159" lon="-2.748651">
        <ele>267.2</ele>
      </trkpt>
      <trkpt lat="43.42818" lon="-2.748813">
        <ele>268.9</ele>
      </trkpt>
      <trkpt lat="43.428131" lon="-2.74908">
        <ele>271.5</ele>
      </trkpt>
      <trkpt lat="43.428057" lon="-2.749366">
        <ele>272.1</ele>
      </trkpt>
      <trkpt lat="43.428051" lon="-2.749637">
        <ele>271.3</ele>
      </trkpt>
      <trkpt lat="43.428011" lon="-2.749828">
        <ele>270.7</ele>
      </trkpt>
      <trkpt lat="43.42798" lon="-2.749957">
        <ele>270.5</ele>
      </trkpt>
      <trkpt lat="43.427971" lon="-2.750015">
        <ele>270.6</ele>
      </trkpt>
      <trkpt lat="43.427971" lon="-2.750075">
        <ele>270.9</ele>
      </trkpt>
      <trkpt lat="43.427946" lon="-2.750125">
        <ele>270.9</ele>
      </trkpt>
      <trkpt lat="43.427936" lon="-2.750242">
        <ele>271.2</ele>
      </trkpt>
      <trkpt lat="43.427941" lon="-2.750408">
        <ele>271.4</ele>
      </trkpt>
      <trkpt lat="43.427944" lon="-2.75061">
        <ele>271.1</ele>
      </trkpt>
      <trkpt lat="43.427951" lon="-2.750713">
        <ele>270.9</ele>
      </trkpt>
      <trkpt lat="43.427951" lon="-2.750954">
        <ele>270.8</ele>
      </trkpt>
      <trkpt lat="43.427957" lon="-2.751123">
        <ele>271.7</ele>
      </trkpt>
      <trkpt lat="43.427954" lon="-2.7513">
        <ele>273.8</ele>
      </trkpt>
      <trkpt lat="43.427954" lon="-2.751537">
        <ele>275.7</ele>
      </trkpt>
      <trkpt lat="43.427964" lon="-2.751721">
        <ele>276.5</ele>
      </trkpt>
      <trkpt lat="43.427985" lon="-2.751973">
        <ele>276.7</ele>
      </trkpt>
      <trkpt lat="43.428016" lon="-2.75216">
        <ele>276.0</ele>
      </trkpt>
      <trkpt lat="43.428057" lon="-2.752362">
        <ele>275.9</ele>
      </trkpt>
      <trkpt lat="43.428082" lon="-2.752553">
        <ele>276.3</ele>
      </trkpt>
      <trkpt lat="43.42809" lon="-2.752719">
        <ele>277.2</ele>
      </trkpt>
      <trkpt lat="43.428103" lon="-2.752872">
        <ele>277.7</ele>
      </trkpt>
      <trkpt lat="43.428118" lon="-2.753022">
        <ele>277.7</ele>
      </trkpt>
      <trkpt lat="43.428157" lon="-2.753349">
        <ele>277.2</ele>
      </trkpt>
      <trkpt lat="43.428206" lon="-2.753672">
        <ele>277.5</ele>
      </trkpt>
      <trkpt lat="43.428221" lon="-2.753841">
        <ele>278.0</ele>
      </trkpt>
      <trkpt lat="43.428182" lon="-2.754142">
        <ele>278.0</ele>
      </trkpt>
      <trkpt lat="43.428152" lon="-2.754578">
        <ele>278.5</ele>
      </trkpt>
      <trkpt lat="43.428119" lon="-2.754839">
        <ele>280.0</ele>
      </trkpt>
      <trkpt lat="43.428091" lon="-2.755014">
        <ele>281.9</ele>
      </trkpt>
      <trkpt lat="43.428114" lon="-2.755208">
        <ele>284.7</ele>
      </trkpt>
      <trkpt lat="43.428148" lon="-2.755324">
        <ele>286.0</ele>
      </trkpt>
      <trkpt lat="43.428184" lon="-2.755433">
        <ele>286.4</ele>
      </trkpt>
      <trkpt lat="43.428224" lon="-2.755547">
        <ele>286.8</ele>
      </trkpt>
      <trkpt lat="43.428273" lon="-2.75565">
        <ele>287.9</ele>
      </trkpt>
      <trkpt lat="43.428304" lon="-2.755714">
        <ele>288.7</ele>
      </trkpt>
      <trkpt lat="43.428385" lon="-2.755848">
        <ele>290.8</ele>
      </trkpt>
      <trkpt lat="43.428404" lon="-2.75589">
        <ele>291.4</ele>
      </trkpt>
      <trkpt lat="43.428461" lon="-2.756124">
        <ele>294.6</ele>
      </trkpt>
      <trkpt lat="43.428486" lon="-2.756183">
        <ele>295.6</ele>
      </trkpt>
      <trkpt lat="43.428509" lon="-2.756233">
        <ele>296.4</ele>
      </trkpt>
      <trkpt lat="43.428612" lon="-2.756451">
        <ele>300.0</ele>
      </trkpt>
      <trkpt lat="43.428703" lon="-2.756693">
        <ele>304.7</ele>
      </trkpt>
      <trkpt lat="43.428732" lon="-2.756848">
        <ele>306.5</ele>
      </trkpt>
      <trkpt lat="43.428764" lon="-2.756989">
        <ele>308.2</ele>
      </trkpt>
      <trkpt lat="43.42878" lon="-2.757201">
        <ele>311.4</ele>
      </trkpt>
      <trkpt lat="43.428794" lon="-2.757405">
        <ele>315.2</ele>
      </trkpt>
      <trkpt lat="43.428787" lon="-2.757482">
        <ele>317.1</ele>
      </trkpt>
      <trkpt lat="43.428755" lon="-2.757662">
        <ele>323.0</ele>
      </trkpt>
      <trkpt lat="43.428711" lon="-2.757963">
        <ele>331.9</ele>
      </trkpt>
      <trkpt lat="43.428664" lon="-2.758273">
        <ele>338.3</ele>
      </trkpt>
      <trkpt lat="43.428645" lon="-2.758652">
        <ele>348.8</ele>
      </trkpt>
      <trkpt lat="43.428646" lon="-2.758764">
        <ele>351.7</ele>
      </trkpt>
      <trkpt lat="43.428677" lon="-2.758896">
        <ele>354.5</ele>
      </trkpt>
      <trkpt lat="43.428751" lon="-2.759052">
        <ele>357.2</ele>
      </trkpt>
      <trkpt lat="43.428908" lon="-2.759202">
        <ele>359.9</ele>
      </trkpt>
      <trkpt lat="43.429037" lon="-2.759358">
        <ele>362.7</ele>
      </trkpt>
      <trkpt lat="43.429148" lon="-2.759456">
        <ele>363.6</ele>
      </trkpt>
      <trkpt lat="43.429345" lon="-2.759582">
        <ele>365.3</ele>
      </trkpt>
      <trkpt lat="43.429487" lon="-2.759683">
        <ele>365.6</ele>
      </trkpt>
      <trkpt lat="43.429664" lon="-2.759844">
        <ele>367.3</ele>
      </trkpt>
      <trkpt lat="43.429875" lon="-2.760044">
        <ele>370.8</ele>
      </trkpt>
      <trkpt lat="43.43007" lon="-2.760263">
        <ele>378.2</ele>
      </trkpt>
      <trkpt lat="43.430163" lon="-2.760358">
        <ele>380.7</ele>
      </trkpt>
      <trkpt lat="43.430353" lon="-2.760514">
        <ele>384.0</ele>
      </trkpt>
      <trkpt lat="43.430569" lon="-2.760612">
        <ele>387.5</ele>
      </trkpt>
      <trkpt lat="43.4305" lon="-2.760682">
        <ele>388.6</ele>
      </trkpt>
      <trkpt lat="43.430354" lon="-2.76076">
        <ele>389.6</ele>
      </trkpt>
      <trkpt lat="43.430213" lon="-2.760818">
        <ele>391.0</ele>
      </trkpt>
      <trkpt lat="43.430003" lon="-2.760878">
        <ele>393.7</ele>
      </trkpt>
      <trkpt lat="43.429724" lon="-2.761005">
        <ele>394.2</ele>
      </trkpt>
      <trkpt lat="43.429661" lon="-2.761042">
        <ele>394.1</ele>
      </trkpt>
      <trkpt lat="43.429591" lon="-2.761061">
        <ele>393.6</ele>
      </trkpt>
      <trkpt lat="43.429649" lon="-2.761118">
        <ele>394.5</ele>
      </trkpt>
      <trkpt lat="43.429842" lon="-2.761312">
        <ele>395.7</ele>
      </trkpt>
      <trkpt lat="43.430062" lon="-2.761489">
        <ele>395.9</ele>
      </trkpt>
      <trkpt lat="43.430149" lon="-2.76158">
        <ele>396.3</ele>
      </trkpt>
      <trkpt lat="43.430332" lon="-2.761863">
        <ele>398.1</ele>
      </trkpt>
      <trkpt lat="43.430567" lon="-2.762256">
        <ele>399.6</ele>
      </trkpt>
      <trkpt lat="43.430739" lon="-2.762473">
        <ele>399.9</ele>
      </trkpt>
      <trkpt lat="43.430911" lon="-2.76269">
        <ele>400.7</ele>
      </trkpt>
      <trkpt lat="43.431182" lon="-2.762911">
        <ele>406.1</ele>
      </trkpt>
      <trkpt lat="43.431472" lon="-2.763206">
        <ele>404.6</ele>
      </trkpt>
      <trkpt lat="43.431545" lon="-2.763276">
        <ele>403.8</ele>
      </trkpt>
      <trkpt lat="43.431602" lon="-2.763315">
        <ele>403.3</ele>
      </trkpt>
      <trkpt lat="43.43165" lon="-2.763317">
        <ele>403.4</ele>
      </trkpt>
      <trkpt lat="43.431743" lon="-2.763237">
        <ele>405.7</ele>
      </trkpt>
      <trkpt lat="43.431853" lon="-2.763103">
        <ele>408.8</ele>
      </trkpt>
      <trkpt lat="43.432015" lon="-2.762993">
        <ele>410.3</ele>
      </trkpt>
      <trkpt lat="43.432186" lon="-2.762873">
        <ele>411.1</ele>
      </trkpt>
      <trkpt lat="43.432373" lon="-2.762694">
        <ele>411.0</ele>
      </trkpt>
      <trkpt lat="43.432522" lon="-2.762603">
        <ele>409.5</ele>
      </trkpt>
      <trkpt lat="43.432745" lon="-2.762524">
        <ele>406.3</ele>
      </trkpt>
      <trkpt lat="43.432868" lon="-2.762529">
        <ele>403.3</ele>
      </trkpt>
      <trkpt lat="43.432943" lon="-2.76251">
        <ele>401.8</ele>
      </trkpt>
      <trkpt lat="43.433006" lon="-2.762423">
        <ele>401.8</ele>
      </trkpt>
      <trkpt lat="43.433098" lon="-2.762204">
        <ele>403.3</ele>
      </trkpt>
      <trkpt lat="43.433176" lon="-2.761927">
        <ele>405.2</ele>
      </trkpt>
      <trkpt lat="43.433218" lon="-2.761814">
        <ele>405.7</ele>
      </trkpt>
      <trkpt lat="43.433449" lon="-2.761574">
        <ele>403.6</ele>
      </trkpt>
      <trkpt lat="43.43368" lon="-2.761334">
        <ele>401.3</ele>
      </trkpt>
      <trkpt lat="43.433802" lon="-2.761168">
        <ele>400.4</ele>
      </trkpt>
      <trkpt lat="43.433864" lon="-2.761107">
        <ele>400.1</ele>
      </trkpt>
      <trkpt lat="43.433938" lon="-2.76108">
        <ele>400.0</ele>
      </trkpt>
      <trkpt lat="43.434053" lon="-2.76108">
        <ele>400.4</ele>
      </trkpt>
      <trkpt lat="43.434161" lon="-2.761099">
        <ele>401.0</ele>
      </trkpt>
      <trkpt lat="43.43429" lon="-2.761107">
        <ele>401.9</ele>
      </trkpt>
      <trkpt lat="43.434353" lon="-2.761058">
        <ele>402.5</ele>
      </trkpt>
      <trkpt lat="43.434418" lon="-2.761045">
        <ele>403.0</ele>
      </trkpt>
      <trkpt lat="43.434542" lon="-2.761138">
        <ele>403.3</ele>
      </trkpt>
      <trkpt lat="43.434767" lon="-2.761217">
        <ele>404.5</ele>
      </trkpt>
      <trkpt lat="43.434875" lon="-2.761231">
        <ele>405.4</ele>
      </trkpt>
      <trkpt lat="43.434988" lon="-2.761237">
        <ele>406.1</ele>
      </trkpt>
      <trkpt lat="43.435097" lon="-2.761283">
        <ele>406.6</ele>
      </trkpt>
      <trkpt lat="43.435282" lon="-2.761401">
        <ele>407.0</ele>
      </trkpt>
      <trkpt lat="43.435445" lon="-2.761431">
        <ele>405.9</ele>
      </trkpt>
      <trkpt lat="43.435543" lon="-2.761449">
        <ele>405.1</ele>
      </trkpt>
      <trkpt lat="43.435612" lon="-2.761503">
        <ele>404.8</ele>
      </trkpt>
      <trkpt lat="43.435624" lon="-2.761519">
        <ele>404.7</ele>
      </trkpt>
      <trkpt lat="43.435707" lon="-2.761448">
        <ele>404.4</ele>
      </trkpt>
      <trkpt lat="43.436066" lon="-2.761604">
        <ele>405.2</ele>
      </trkpt>
      <trkpt lat="43.436168" lon="-2.761629">
        <ele>405.9</ele>
      </trkpt>
      <trkpt lat="43.436361" lon="-2.761617">
        <ele>406.3</ele>
      </trkpt>
      <trkpt lat="43.436541" lon="-2.761423">
        <ele>403.5</ele>
      </trkpt>
      <trkpt lat="43.436858" lon="-2.761118">
        <ele>400.2</ele>
      </trkpt>
      <trkpt lat="43.437184" lon="-2.760891">
        <ele>397.5</ele>
      </trkpt>
      <trkpt lat="43.43723" lon="-2.760842">
        <ele>397.0</ele>
      </trkpt>
      <trkpt lat="43.437264" lon="-2.760785">
        <ele>396.4</ele>
      </trkpt>
      <trkpt lat="43.437389" lon="-2.76061">
        <ele>393.7</ele>
      </trkpt>
      <trkpt lat="43.437484" lon="-2.760518">
        <ele>390.8</ele>
      </trkpt>
      <trkpt lat="43.437625" lon="-2.760352">
        <ele>386.0</ele>
      </trkpt>
      <trkpt lat="43.437772" lon="-2.760153">
        <ele>382.1</ele>
      </trkpt>
      <trkpt lat="43.437845" lon="-2.760003">
        <ele>380.1</ele>
      </trkpt>
      <trkpt lat="43.437975" lon="-2.7601">
        <ele>379.2</ele>
      </trkpt>
      <trkpt lat="43.438112" lon="-2.76025">
        <ele>379.0</ele>
      </trkpt>
      <trkpt lat="43.438357" lon="-2.760474">
        <ele>377.0</ele>
      </trkpt>
      <trkpt lat="43.438471" lon="-2.760641">
        <ele>376.4</ele>
      </trkpt>
      <trkpt lat="43.438601" lon="-2.76077">
        <ele>375.5</ele>
      </trkpt>
      <trkpt lat="43.438721" lon="-2.760907">
        <ele>375.3</ele>
      </trkpt>
      <trkpt lat="43.43884" lon="-2.760999">
        <ele>375.8</ele>
      </trkpt>
      <trkpt lat="43.43898" lon="-2.761028">
        <ele>375.5</ele>
      </trkpt>
      <trkpt lat="43.439085" lon="-2.76102">
        <ele>374.7</ele>
      </trkpt>
      <trkpt lat="43.439245" lon="-2.76114">
        <ele>376.4</ele>
      </trkpt>
      <trkpt lat="43.439489" lon="-2.761233">
        <ele>378.8</ele>
      </trkpt>
      <trkpt lat="43.43977" lon="-2.761286">
        <ele>379.8</ele>
      </trkpt>
      <trkpt lat="43.439931" lon="-2.761249">
        <ele>379.4</ele>
      </trkpt>
      <trkpt lat="43.44007" lon="-2.761162">
        <ele>377.9</ele>
      </trkpt>
      <trkpt lat="43.440307" lon="-2.760904">
        <ele>373.4</ele>
      </trkpt>
      <trkpt lat="43.440406" lon="-2.760811">
        <ele>372.9</ele>
      </trkpt>
      <trkpt lat="43.440513" lon="-2.760793">
        <ele>373.6</ele>
      </trkpt>
      <trkpt lat="43.440563" lon="-2.760826">
        <ele>373.9</ele>
      </trkpt>
      <trkpt lat="43.440603" lon="-2.760652">
        <ele>372.3</ele>
      </trkpt>
      <trkpt lat="43.440619" lon="-2.760544">
        <ele>371.0</ele>
      </trkpt>
      <trkpt lat="43.440614" lon="-2.76039">
        <ele>368.7</ele>
      </trkpt>
      <trkpt lat="43.44061" lon="-2.760267">
        <ele>366.5</ele>
      </trkpt>
      <trkpt lat="43.440616" lon="-2.760205">
        <ele>365.3</ele>
      </trkpt>
      <trkpt lat="43.440652" lon="-2.760159">
        <ele>364.8</ele>
      </trkpt>
      <trkpt lat="43.440762" lon="-2.759993">
        <ele>361.6</ele>
      </trkpt>
      <trkpt lat="43.440845" lon="-2.759885">
        <ele>360.1</ele>
      </trkpt>
      <trkpt lat="43.440974" lon="-2.7597">
        <ele>357.6</ele>
      </trkpt>
      <trkpt lat="43.441044" lon="-2.759681">
        <ele>357.3</ele>
      </trkpt>
      <trkpt lat="43.441124" lon="-2.759731">
        <ele>358.1</ele>
      </trkpt>
      <trkpt lat="43.441185" lon="-2.759768">
        <ele>358.1</ele>
      </trkpt>
      <trkpt lat="43.441303" lon="-2.759641">
        <ele>354.2</ele>
      </trkpt>
      <trkpt lat="43.441455" lon="-2.75949">
        <ele>349.3</ele>
      </trkpt>
      <trkpt lat="43.441605" lon="-2.759383">
        <ele>344.7</ele>
      </trkpt>
      <trkpt lat="43.441717" lon="-2.759312">
        <ele>341.2</ele>
      </trkpt>
      <trkpt lat="43.441898" lon="-2.759226">
        <ele>336.7</ele>
      </trkpt>
      <trkpt lat="43.442075" lon="-2.759096">
        <ele>331.0</ele>
      </trkpt>
      <trkpt lat="43.442339" lon="-2.758927">
        <ele>323.5</ele>
      </trkpt>
      <trkpt lat="43.442634" lon="-2.758723">
        <ele>314.8</ele>
      </trkpt>
      <trkpt lat="43.44288" lon="-2.758578">
        <ele>306.5</ele>
      </trkpt>
      <trkpt lat="43.443001" lon="-2.758464">
        <ele>301.5</ele>
      </trkpt>
      <trkpt lat="43.443082" lon="-2.758391">
        <ele>297.6</ele>
      </trkpt>
      <trkpt lat="43.443249" lon="-2.758301">
        <ele>290.6</ele>
      </trkpt>
      <trkpt lat="43.443493" lon="-2.758169">
        <ele>284.2</ele>
      </trkpt>
      <trkpt lat="43.443688" lon="-2.758033">
        <ele>280.6</ele>
      </trkpt>
      <trkpt lat="43.443775" lon="-2.757907">
        <ele>279.4</ele>
      </trkpt>
      <trkpt lat="43.443932" lon="-2.757765">
        <ele>278.1</ele>
      </trkpt>
      <trkpt lat="43.444104" lon="-2.757673">
        <ele>277.4</ele>
      </trkpt>
      <trkpt lat="43.444462" lon="-2.757423">
        <ele>270.9</ele>
      </trkpt>
      <trkpt lat="43.444648" lon="-2.757303">
        <ele>266.3</ele>
      </trkpt>
      <trkpt lat="43.444967" lon="-2.757109">
        <ele>261.2</ele>
      </trkpt>
      <trkpt lat="43.445323" lon="-2.756884">
        <ele>256.8</ele>
      </trkpt>
      <trkpt lat="43.445435" lon="-2.756791">
        <ele>254.2</ele>
      </trkpt>
      <trkpt lat="43.445755" lon="-2.756619">
        <ele>247.3</ele>
      </trkpt>
      <trkpt lat="43.445956" lon="-2.756517">
        <ele>243.6</ele>
      </trkpt>
      <trkpt lat="43.446117" lon="-2.756419">
        <ele>240.0</ele>
      </trkpt>
      <trkpt lat="43.446368" lon="-2.756271">
        <ele>232.9</ele>
      </trkpt>
      <trkpt lat="43.446567" lon="-2.756114">
        <ele>228.1</ele>
      </trkpt>
      <trkpt lat="43.446766" lon="-2.755956">
        <ele>224.6</ele>
      </trkpt>
      <trkpt lat="43.446858" lon="-2.755879">
        <ele>223.2</ele>
      </trkpt>
      <trkpt lat="43.446891" lon="-2.755815">
        <ele>222.8</ele>
      </trkpt>
      <trkpt lat="43.446891" lon="-2.755731">
        <ele>223.0</ele>
      </trkpt>
      <trkpt lat="43.446856" lon="-2.755605">
        <ele>223.4</ele>
      </trkpt>
      <trkpt lat="43.446791" lon="-2.75553">
        <ele>223.5</ele>
      </trkpt>
      <trkpt lat="43.446619" lon="-2.755427">
        <ele>223.0</ele>
      </trkpt>
      <trkpt lat="43.446588" lon="-2.755299">
        <ele>221.7</ele>
      </trkpt>
      <trkpt lat="43.446718" lon="-2.755365">
        <ele>222.9</ele>
      </trkpt>
      <trkpt lat="43.446864" lon="-2.755471">
        <ele>223.3</ele>
      </trkpt>
      <trkpt lat="43.446945" lon="-2.755547">
        <ele>223.0</ele>
      </trkpt>
      <trkpt lat="43.447005" lon="-2.755479">
        <ele>223.1</ele>
      </trkpt>
      <trkpt lat="43.447169" lon="-2.75544">
        <ele>223.2</ele>
      </trkpt>
      <trkpt lat="43.447297" lon="-2.755415">
        <ele>222.9</ele>
      </trkpt>
      <trkpt lat="43.447364" lon="-2.755395">
        <ele>222.8</ele>
      </trkpt>
      <trkpt lat="43.447429" lon="-2.755353">
        <ele>222.9</ele>
      </trkpt>
      <trkpt lat="43.447595" lon="-2.755208">
        <ele>222.2</ele>
      </trkpt>
      <trkpt lat="43.447774" lon="-2.755062">
        <ele>220.4</ele>
      </trkpt>
      <trkpt lat="43.447958" lon="-2.754958">
        <ele>217.6</ele>
      </trkpt>
      <trkpt lat="43.448207" lon="-2.754931">
        <ele>213.5</ele>
      </trkpt>
      <trkpt lat="43.448539" lon="-2.754858">
        <ele>208.3</ele>
      </trkpt>
      <trkpt lat="43.448587" lon="-2.754861">
        <ele>207.2</ele>
      </trkpt>
      <trkpt lat="43.448925" lon="-2.754904">
        <ele>200.1</ele>
      </trkpt>
      <trkpt lat="43.449254" lon="-2.754968">
        <ele>192.0</ele>
      </trkpt>
      <trkpt lat="43.449641" lon="-2.755025">
        <ele>187.5</ele>
      </trkpt>
      <trkpt lat="43.449671" lon="-2.755071">
        <ele>185.9</ele>
      </trkpt>
      <trkpt lat="43.449795" lon="-2.755127">
        <ele>183.2</ele>
      </trkpt>
      <trkpt lat="43.44984" lon="-2.755168">
        <ele>181.1</ele>
      </trkpt>
      <trkpt lat="43.449894" lon="-2.755208">
        <ele>178.7</ele>
      </trkpt>
      <trkpt lat="43.449976" lon="-2.755249">
        <ele>175.7</ele>
      </trkpt>
      <trkpt lat="43.450012" lon="-2.755243">
        <ele>175.6</ele>
      </trkpt>
      <trkpt lat="43.450049" lon="-2.755247">
        <ele>175.3</ele>
      </trkpt>
      <trkpt lat="43.450113" lon="-2.755284">
        <ele>173.3</ele>
      </trkpt>
      <trkpt lat="43.450146" lon="-2.75529">
        <ele>173.0</ele>
      </trkpt>
      <trkpt lat="43.450195" lon="-2.75528">
        <ele>173.4</ele>
      </trkpt>
      <trkpt lat="43.450234" lon="-2.755263">
        <ele>174.2</ele>
      </trkpt>
      <trkpt lat="43.45036" lon="-2.755179">
        <ele>176.1</ele>
      </trkpt>
      <trkpt lat="43.450387" lon="-2.755147">
        <ele>176.4</ele>
      </trkpt>
      <trkpt lat="43.450407" lon="-2.755138">
        <ele>176.0</ele>
      </trkpt>
      <trkpt lat="43.450433" lon="-2.755139">
        <ele>175.2</ele>
      </trkpt>
      <trkpt lat="43.450452" lon="-2.755133">
        <ele>174.7</ele>
      </trkpt>
      <trkpt lat="43.450467" lon="-2.755121">
        <ele>174.4</ele>
      </trkpt>
      <trkpt lat="43.450479" lon="-2.755093">
        <ele>174.4</ele>
      </trkpt>
      <trkpt lat="43.450496" lon="-2.755055">
        <ele>174.3</ele>
      </trkpt>
      <trkpt lat="43.450518" lon="-2.755038">
        <ele>173.7</ele>
      </trkpt>
      <trkpt lat="43.450532" lon="-2.755039">
        <ele>173.2</ele>
      </trkpt>
      <trkpt lat="43.450564" lon="-2.755017">
        <ele>172.4</ele>
      </trkpt>
      <trkpt lat="43.450585" lon="-2.755016">
        <ele>171.6</ele>
      </trkpt>
      <trkpt lat="43.450611" lon="-2.755002">
        <ele>170.8</ele>
      </trkpt>
      <trkpt lat="43.450646" lon="-2.755005">
        <ele>169.4</ele>
      </trkpt>
      <trkpt lat="43.450725" lon="-2.754964">
        <ele>167.4</ele>
      </trkpt>
      <trkpt lat="43.450745" lon="-2.754929">
        <ele>167.5</ele>
      </trkpt>
      <trkpt lat="43.450785" lon="-2.75488">
        <ele>167.1</ele>
      </trkpt>
      <trkpt lat="43.450836" lon="-2.754825">
        <ele>166.5</ele>
      </trkpt>
      <trkpt lat="43.450876" lon="-2.754808">
        <ele>165.9</ele>
      </trkpt>
      <trkpt lat="43.45089" lon="-2.754794">
        <ele>165.9</ele>
      </trkpt>
      <trkpt lat="43.450907" lon="-2.754715">
        <ele>166.7</ele>
      </trkpt>
      <trkpt lat="43.450954" lon="-2.754668">
        <ele>166.9</ele>
      </trkpt>
      <trkpt lat="43.451015" lon="-2.75465">
        <ele>166.5</ele>
      </trkpt>
      <trkpt lat="43.451046" lon="-2.754629">
        <ele>166.4</ele>
      </trkpt>
      <trkpt lat="43.451105" lon="-2.754557">
        <ele>166.3</ele>
      </trkpt>
      <trkpt lat="43.451113" lon="-2.754533">
        <ele>166.4</ele>
      </trkpt>
      <trkpt lat="43.451124" lon="-2.754456">
        <ele>166.7</ele>
      </trkpt>
      <trkpt lat="43.451103" lon="-2.754369">
        <ele>167.2</ele>
      </trkpt>
      <trkpt lat="43.451081" lon="-2.754281">
        <ele>167.2</ele>
      </trkpt>
      <trkpt lat="43.451083" lon="-2.754231">
        <ele>166.8</ele>
      </trkpt>
      <trkpt lat="43.451099" lon="-2.754197">
        <ele>166.4</ele>
      </trkpt>
      <trkpt lat="43.451126" lon="-2.754187">
        <ele>165.9</ele>
      </trkpt>
      <trkpt lat="43.45119" lon="-2.754203">
        <ele>165.1</ele>
      </trkpt>
      <trkpt lat="43.451258" lon="-2.75419">
        <ele>164.0</ele>
      </trkpt>
      <trkpt lat="43.451333" lon="-2.754128">
        <ele>162.5</ele>
      </trkpt>
      <trkpt lat="43.451352" lon="-2.754074">
        <ele>161.9</ele>
      </trkpt>
      <trkpt lat="43.451322" lon="-2.753946">
        <ele>161.2</ele>
      </trkpt>
      <trkpt lat="43.451218" lon="-2.75363">
        <ele>158.8</ele>
      </trkpt>
      <trkpt lat="43.451192" lon="-2.753573">
        <ele>158.6</ele>
      </trkpt>
      <trkpt lat="43.451117" lon="-2.753455">
        <ele>158.2</ele>
      </trkpt>
      <trkpt lat="43.451009" lon="-2.753253">
        <ele>157.5</ele>
      </trkpt>
      <trkpt lat="43.450917" lon="-2.753086">
        <ele>157.2</ele>
      </trkpt>
      <trkpt lat="43.450903" lon="-2.753045">
        <ele>157.0</ele>
      </trkpt>
      <trkpt lat="43.450908" lon="-2.753014">
        <ele>156.6</ele>
      </trkpt>
      <trkpt lat="43.450936" lon="-2.752982">
        <ele>156.0</ele>
      </trkpt>
      <trkpt lat="43.450985" lon="-2.752941">
        <ele>155.1</ele>
      </trkpt>
      <trkpt lat="43.451037" lon="-2.752905">
        <ele>154.2</ele>
      </trkpt>
      <trkpt lat="43.451073" lon="-2.752882">
        <ele>153.6</ele>
      </trkpt>
      <trkpt lat="43.45117" lon="-2.752884">
        <ele>152.8</ele>
      </trkpt>
      <trkpt lat="43.451315" lon="-2.752895">
        <ele>151.9</ele>
      </trkpt>
      <trkpt lat="43.451441" lon="-2.752915">
        <ele>150.9</ele>
      </trkpt>
      <trkpt lat="43.451524" lon="-2.752975">
        <ele>150.4</ele>
      </trkpt>
      <trkpt lat="43.451608" lon="-2.753101">
        <ele>150.5</ele>
      </trkpt>
      <trkpt lat="43.451721" lon="-2.753237">
        <ele>150.9</ele>
      </trkpt>
      <trkpt lat="43.451755" lon="-2.753284">
        <ele>151.0</ele>
      </trkpt>
      <trkpt lat="43.451784" lon="-2.753279">
        <ele>150.4</ele>
      </trkpt>
      <trkpt lat="43.451809" lon="-2.753286">
        <ele>150.0</ele>
      </trkpt>
      <trkpt lat="43.452083" lon="-2.753346">
        <ele>145.7</ele>
      </trkpt>
      <trkpt lat="43.452181" lon="-2.75338">
        <ele>144.1</ele>
      </trkpt>
      <trkpt lat="43.452231" lon="-2.753385">
        <ele>143.1</ele>
      </trkpt>
      <trkpt lat="43.452336" lon="-2.753405">
        <ele>140.9</ele>
      </trkpt>
      <trkpt lat="43.452394" lon="-2.753427">
        <ele>139.6</ele>
      </trkpt>
      <trkpt lat="43.452436" lon="-2.753437">
        <ele>138.6</ele>
      </trkpt>
      <trkpt lat="43.452474" lon="-2.753433">
        <ele>137.7</ele>
      </trkpt>
      <trkpt lat="43.45252" lon="-2.753403">
        <ele>136.6</ele>
      </trkpt>
      <trkpt lat="43.452547" lon="-2.753364">
        <ele>135.9</ele>
      </trkpt>
      <trkpt lat="43.452566" lon="-2.753315">
        <ele>135.4</ele>
      </trkpt>
      <trkpt lat="43.452584" lon="-2.753265">
        <ele>134.8</ele>
      </trkpt>
      <trkpt lat="43.45261" lon="-2.753252">
        <ele>134.1</ele>
      </trkpt>
      <trkpt lat="43.452638" lon="-2.753275">
        <ele>133.5</ele>
      </trkpt>
      <trkpt lat="43.452656" lon="-2.753322">
        <ele>133.2</ele>
      </trkpt>
      <trkpt lat="43.452665" lon="-2.753387">
        <ele>133.0</ele>
      </trkpt>
      <trkpt lat="43.452672" lon="-2.753459">
        <ele>132.8</ele>
      </trkpt>
      <trkpt lat="43.452675" lon="-2.753549">
        <ele>132.3</ele>
      </trkpt>
      <trkpt lat="43.452682" lon="-2.753635">
        <ele>131.3</ele>
      </trkpt>
      <trkpt lat="43.452693" lon="-2.753678">
        <ele>130.4</ele>
      </trkpt>
      <trkpt lat="43.452735" lon="-2.753738">
        <ele>128.5</ele>
      </trkpt>
      <trkpt lat="43.452762" lon="-2.753792">
        <ele>126.8</ele>
      </trkpt>
      <trkpt lat="43.452837" lon="-2.753818">
        <ele>123.8</ele>
      </trkpt>
      <trkpt lat="43.452883" lon="-2.753813">
        <ele>122.1</ele>
      </trkpt>
      <trkpt lat="43.452943" lon="-2.753777">
        <ele>120.5</ele>
      </trkpt>
      <trkpt lat="43.453131" lon="-2.753711">
        <ele>116.1</ele>
      </trkpt>
      <trkpt lat="43.453288" lon="-2.753684">
        <ele>113.4</ele>
      </trkpt>
      <trkpt lat="43.453352" lon="-2.753676">
        <ele>112.2</ele>
      </trkpt>
      <trkpt lat="43.453462" lon="-2.753674">
        <ele>109.6</ele>
      </trkpt>
      <trkpt lat="43.453539" lon="-2.753652">
        <ele>108.5</ele>
      </trkpt>
      <trkpt lat="43.453654" lon="-2.753628">
        <ele>106.8</ele>
      </trkpt>
      <trkpt lat="43.453754" lon="-2.753595">
        <ele>105.9</ele>
      </trkpt>
      <trkpt lat="43.453869" lon="-2.753564">
        <ele>104.3</ele>
      </trkpt>
      <trkpt lat="43.453959" lon="-2.753543">
        <ele>102.4</ele>
      </trkpt>
      <trkpt lat="43.453994" lon="-2.753588">
        <ele>100.6</ele>
      </trkpt>
      <trkpt lat="43.454019" lon="-2.7536">
        <ele>99.6</ele>
      </trkpt>
      <trkpt lat="43.454042" lon="-2.753633">
        <ele>98.2</ele>
      </trkpt>
      <trkpt lat="43.454124" lon="-2.753671">
        <ele>94.7</ele>
      </trkpt>
      <trkpt lat="43.45419" lon="-2.753676">
        <ele>92.8</ele>
      </trkpt>
      <trkpt lat="43.454266" lon="-2.753656">
        <ele>91.5</ele>
      </trkpt>
      <trkpt lat="43.454346" lon="-2.75361">
        <ele>90.4</ele>
      </trkpt>
      <trkpt lat="43.454387" lon="-2.75357">
        <ele>90.1</ele>
      </trkpt>
      <trkpt lat="43.454517" lon="-2.753548">
        <ele>87.6</ele>
      </trkpt>
      <trkpt lat="43.454651" lon="-2.753504">
        <ele>86.0</ele>
      </trkpt>
      <trkpt lat="43.454756" lon="-2.753475">
        <ele>83.0</ele>
      </trkpt>
      <trkpt lat="43.454882" lon="-2.753487">
        <ele>76.4</ele>
      </trkpt>
      <trkpt lat="43.454956" lon="-2.753471">
        <ele>72.4</ele>
      </trkpt>
      <trkpt lat="43.455009" lon="-2.753381">
        <ele>71.4</ele>
      </trkpt>
      <trkpt lat="43.455039" lon="-2.753358">
        <ele>70.2</ele>
      </trkpt>
      <trkpt lat="43.455109" lon="-2.753288">
        <ele>67.4</ele>
      </trkpt>
      <trkpt lat="43.455115" lon="-2.753235">
        <ele>68.4</ele>
      </trkpt>
      <trkpt lat="43.455001" lon="-2.752729">
        <ele>74.8</ele>
      </trkpt>
      <trkpt lat="43.454911" lon="-2.752515">
        <ele>76.7</ele>
      </trkpt>
      <trkpt lat="43.454734" lon="-2.752309">
        <ele>79.2</ele>
      </trkpt>
      <trkpt lat="43.454622" lon="-2.752466">
        <ele>86.1</ele>
      </trkpt>
      <trkpt lat="43.454514" lon="-2.752398">
        <ele>88.9</ele>
      </trkpt>
      <trkpt lat="43.454419" lon="-2.752495">
        <ele>93.7</ele>
        <name>Arane Gibelortzaga auzoa, Bermeo, Busturialdea-Urdaibai</name>
        <extensions>
          <oa:Extension>
            <oa:mapZoom>15</oa:mapZoom>
          </oa:Extension>
        </extensions>
      </trkpt>
      <trkpt lat="43.454514" lon="-2.752398">
        <ele>88.9</ele>
      </trkpt>
      <trkpt lat="43.454622" lon="-2.752466">
        <ele>86.1</ele>
      </trkpt>
      <trkpt lat="43.454734" lon="-2.752309">
        <ele>79.2</ele>
      </trkpt>
      <trkpt lat="43.454911" lon="-2.752515">
        <ele>76.7</ele>
      </trkpt>
      <trkpt lat="43.455001" lon="-2.752729">
        <ele>74.8</ele>
      </trkpt>
      <trkpt lat="43.455115" lon="-2.753235">
        <ele>68.4</ele>
      </trkpt>
      <trkpt lat="43.455109" lon="-2.753288">
        <ele>67.4</ele>
      </trkpt>
      <trkpt lat="43.455039" lon="-2.753358">
        <ele>70.2</ele>
      </trkpt>
      <trkpt lat="43.455009" lon="-2.753381">
        <ele>71.4</ele>
      </trkpt>
      <trkpt lat="43.454956" lon="-2.753471">
        <ele>72.4</ele>
      </trkpt>
      <trkpt lat="43.454882" lon="-2.753487">
        <ele>76.4</ele>
      </trkpt>
      <trkpt lat="43.454756" lon="-2.753475">
        <ele>83.0</ele>
      </trkpt>
      <trkpt lat="43.454651" lon="-2.753504">
        <ele>86.0</ele>
      </trkpt>
      <trkpt lat="43.454517" lon="-2.753548">
        <ele>87.6</ele>
      </trkpt>
      <trkpt lat="43.454387" lon="-2.75357">
        <ele>90.1</ele>
      </trkpt>
      <trkpt lat="43.454346" lon="-2.75361">
        <ele>90.4</ele>
      </trkpt>
      <trkpt lat="43.454266" lon="-2.753656">
        <ele>91.5</ele>
      </trkpt>
      <trkpt lat="43.45419" lon="-2.753676">
        <ele>92.8</ele>
      </trkpt>
      <trkpt lat="43.454124" lon="-2.753671">
        <ele>94.7</ele>
      </trkpt>
      <trkpt lat="43.454042" lon="-2.753633">
        <ele>98.2</ele>
      </trkpt>
      <trkpt lat="43.454019" lon="-2.7536">
        <ele>99.6</ele>
      </trkpt>
      <trkpt lat="43.453994" lon="-2.753588">
        <ele>100.6</ele>
      </trkpt>
      <trkpt lat="43.453959" lon="-2.753543">
        <ele>102.4</ele>
      </trkpt>
      <trkpt lat="43.453869" lon="-2.753564">
        <ele>104.3</ele>
      </trkpt>
      <trkpt lat="43.453754" lon="-2.753595">
        <ele>105.9</ele>
      </trkpt>
      <trkpt lat="43.453654" lon="-2.753628">
        <ele>106.8</ele>
      </trkpt>
      <trkpt lat="43.453539" lon="-2.753652">
        <ele>108.5</ele>
      </trkpt>
      <trkpt lat="43.453462" lon="-2.753674">
        <ele>109.6</ele>
      </trkpt>
      <trkpt lat="43.453352" lon="-2.753676">
        <ele>112.2</ele>
      </trkpt>
      <trkpt lat="43.453288" lon="-2.753684">
        <ele>113.4</ele>
      </trkpt>
      <trkpt lat="43.453131" lon="-2.753711">
        <ele>116.1</ele>
      </trkpt>
      <trkpt lat="43.452943" lon="-2.753777">
        <ele>120.5</ele>
      </trkpt>
      <trkpt lat="43.452883" lon="-2.753813">
        <ele>122.1</ele>
      </trkpt>
      <trkpt lat="43.452837" lon="-2.753818">
        <ele>123.8</ele>
      </trkpt>
      <trkpt lat="43.452762" lon="-2.753792">
        <ele>126.8</ele>
      </trkpt>
      <trkpt lat="43.452735" lon="-2.753738">
        <ele>128.5</ele>
      </trkpt>
      <trkpt lat="43.452693" lon="-2.753678">
        <ele>130.4</ele>
      </trkpt>
      <trkpt lat="43.452682" lon="-2.753635">
        <ele>131.3</ele>
      </trkpt>
      <trkpt lat="43.452675" lon="-2.753549">
        <ele>132.3</ele>
      </trkpt>
      <trkpt lat="43.452672" lon="-2.753459">
        <ele>132.8</ele>
      </trkpt>
      <trkpt lat="43.452665" lon="-2.753387">
        <ele>133.0</ele>
      </trkpt>
      <trkpt lat="43.452656" lon="-2.753322">
        <ele>133.2</ele>
      </trkpt>
      <trkpt lat="43.452638" lon="-2.753275">
        <ele>133.5</ele>
      </trkpt>
      <trkpt lat="43.45261" lon="-2.753252">
        <ele>134.1</ele>
      </trkpt>
      <trkpt lat="43.452584" lon="-2.753265">
        <ele>134.8</ele>
      </trkpt>
      <trkpt lat="43.452566" lon="-2.753315">
        <ele>135.4</ele>
      </trkpt>
      <trkpt lat="43.452547" lon="-2.753364">
        <ele>135.9</ele>
      </trkpt>
      <trkpt lat="43.45252" lon="-2.753403">
        <ele>136.6</ele>
      </trkpt>
      <trkpt lat="43.452474" lon="-2.753433">
        <ele>137.7</ele>
      </trkpt>
      <trkpt lat="43.452436" lon="-2.753437">
        <ele>138.6</ele>
      </trkpt>
      <trkpt lat="43.452394" lon="-2.753427">
        <ele>139.6</ele>
      </trkpt>
      <trkpt lat="43.452336" lon="-2.753405">
        <ele>140.9</ele>
      </trkpt>
      <trkpt lat="43.452231" lon="-2.753385">
        <ele>143.1</ele>
      </trkpt>
      <trkpt lat="43.452181" lon="-2.75338">
        <ele>144.1</ele>
      </trkpt>
      <trkpt lat="43.452083" lon="-2.753346">
        <ele>145.7</ele>
      </trkpt>
      <trkpt lat="43.451809" lon="-2.753286">
        <ele>150.0</ele>
      </trkpt>
      <trkpt lat="43.451784" lon="-2.753279">
        <ele>150.4</ele>
      </trkpt>
      <trkpt lat="43.451755" lon="-2.753284">
        <ele>151.0</ele>
      </trkpt>
      <trkpt lat="43.451721" lon="-2.753237">
        <ele>150.9</ele>
      </trkpt>
      <trkpt lat="43.451608" lon="-2.753101">
        <ele>150.5</ele>
      </trkpt>
      <trkpt lat="43.451524" lon="-2.752975">
        <ele>150.4</ele>
      </trkpt>
      <trkpt lat="43.451441" lon="-2.752915">
        <ele>150.9</ele>
      </trkpt>
      <trkpt lat="43.451315" lon="-2.752895">
        <ele>151.9</ele>
      </trkpt>
      <trkpt lat="43.45117" lon="-2.752884">
        <ele>152.8</ele>
      </trkpt>
      <trkpt lat="43.451073" lon="-2.752882">
        <ele>153.6</ele>
      </trkpt>
      <trkpt lat="43.451037" lon="-2.752905">
        <ele>154.2</ele>
      </trkpt>
      <trkpt lat="43.450985" lon="-2.752941">
        <ele>155.1</ele>
      </trkpt>
      <trkpt lat="43.450936" lon="-2.752982">
        <ele>156.0</ele>
      </trkpt>
      <trkpt lat="43.450908" lon="-2.753014">
        <ele>156.6</ele>
      </trkpt>
      <trkpt lat="43.450903" lon="-2.753045">
        <ele>157.0</ele>
      </trkpt>
      <trkpt lat="43.450917" lon="-2.753086">
        <ele>157.2</ele>
      </trkpt>
      <trkpt lat="43.451009" lon="-2.753253">
        <ele>157.5</ele>
      </trkpt>
      <trkpt lat="43.451117" lon="-2.753455">
        <ele>158.2</ele>
      </trkpt>
      <trkpt lat="43.451192" lon="-2.753573">
        <ele>158.6</ele>
      </trkpt>
      <trkpt lat="43.451218" lon="-2.75363">
        <ele>158.8</ele>
      </trkpt>
      <trkpt lat="43.451322" lon="-2.753946">
        <ele>161.2</ele>
      </trkpt>
      <trkpt lat="43.451352" lon="-2.754074">
        <ele>161.9</ele>
      </trkpt>
      <trkpt lat="43.451333" lon="-2.754128">
        <ele>162.5</ele>
      </trkpt>
      <trkpt lat="43.451258" lon="-2.75419">
        <ele>164.0</ele>
      </trkpt>
      <trkpt lat="43.45119" lon="-2.754203">
        <ele>165.1</ele>
      </trkpt>
      <trkpt lat="43.451126" lon="-2.754187">
        <ele>165.9</ele>
      </trkpt>
      <trkpt lat="43.451099" lon="-2.754197">
        <ele>166.4</ele>
      </trkpt>
      <trkpt lat="43.451083" lon="-2.754231">
        <ele>166.8</ele>
      </trkpt>
      <trkpt lat="43.451081" lon="-2.754281">
        <ele>167.2</ele>
      </trkpt>
      <trkpt lat="43.451103" lon="-2.754369">
        <ele>167.2</ele>
      </trkpt>
      <trkpt lat="43.451124" lon="-2.754456">
        <ele>166.7</ele>
      </trkpt>
      <trkpt lat="43.451113" lon="-2.754533">
        <ele>166.4</ele>
      </trkpt>
      <trkpt lat="43.451105" lon="-2.754557">
        <ele>166.3</ele>
      </trkpt>
      <trkpt lat="43.451046" lon="-2.754629">
        <ele>166.4</ele>
      </trkpt>
      <trkpt lat="43.451015" lon="-2.75465">
        <ele>166.5</ele>
      </trkpt>
      <trkpt lat="43.450954" lon="-2.754668">
        <ele>166.9</ele>
      </trkpt>
      <trkpt lat="43.450907" lon="-2.754715">
        <ele>166.7</ele>
      </trkpt>
      <trkpt lat="43.45089" lon="-2.754794">
        <ele>165.9</ele>
      </trkpt>
      <trkpt lat="43.450876" lon="-2.754808">
        <ele>165.9</ele>
      </trkpt>
      <trkpt lat="43.450836" lon="-2.754825">
        <ele>166.5</ele>
      </trkpt>
      <trkpt lat="43.450785" lon="-2.75488">
        <ele>167.1</ele>
      </trkpt>
      <trkpt lat="43.450745" lon="-2.754929">
        <ele>167.5</ele>
      </trkpt>
      <trkpt lat="43.450725" lon="-2.754964">
        <ele>167.4</ele>
      </trkpt>
      <trkpt lat="43.450646" lon="-2.755005">
        <ele>169.4</ele>
      </trkpt>
      <trkpt lat="43.450611" lon="-2.755002">
        <ele>170.8</ele>
      </trkpt>
      <trkpt lat="43.450585" lon="-2.755016">
        <ele>171.6</ele>
      </trkpt>
      <trkpt lat="43.450564" lon="-2.755017">
        <ele>172.4</ele>
      </trkpt>
      <trkpt lat="43.450532" lon="-2.755039">
        <ele>173.2</ele>
      </trkpt>
      <trkpt lat="43.450518" lon="-2.755038">
        <ele>173.7</ele>
      </trkpt>
      <trkpt lat="43.450496" lon="-2.755055">
        <ele>174.3</ele>
      </trkpt>
      <trkpt lat="43.450479" lon="-2.755093">
        <ele>174.4</ele>
      </trkpt>
      <trkpt lat="43.450467" lon="-2.755121">
        <ele>174.4</ele>
      </trkpt>
      <trkpt lat="43.450452" lon="-2.755133">
        <ele>174.7</ele>
      </trkpt>
      <trkpt lat="43.450433" lon="-2.755139">
        <ele>175.2</ele>
      </trkpt>
      <trkpt lat="43.450407" lon="-2.755138">
        <ele>176.0</ele>
      </trkpt>
      <trkpt lat="43.450387" lon="-2.755147">
        <ele>176.4</ele>
      </trkpt>
      <trkpt lat="43.45036" lon="-2.755179">
        <ele>176.1</ele>
      </trkpt>
      <trkpt lat="43.450234" lon="-2.755263">
        <ele>174.2</ele>
      </trkpt>
      <trkpt lat="43.450195" lon="-2.75528">
        <ele>173.4</ele>
      </trkpt>
      <trkpt lat="43.450146" lon="-2.75529">
        <ele>173.0</ele>
      </trkpt>
      <trkpt lat="43.450113" lon="-2.755284">
        <ele>173.3</ele>
      </trkpt>
      <trkpt lat="43.450049" lon="-2.755247">
        <ele>175.3</ele>
      </trkpt>
      <trkpt lat="43.450012" lon="-2.755243">
        <ele>175.6</ele>
      </trkpt>
      <trkpt lat="43.449976" lon="-2.755249">
        <ele>175.7</ele>
      </trkpt>
      <trkpt lat="43.449894" lon="-2.755208">
        <ele>178.7</ele>
      </trkpt>
      <trkpt lat="43.44984" lon="-2.755168">
        <ele>181.1</ele>
      </trkpt>
      <trkpt lat="43.449795" lon="-2.755127">
        <ele>183.2</ele>
      </trkpt>
      <trkpt lat="43.449671" lon="-2.755071">
        <ele>185.9</ele>
      </trkpt>
      <trkpt lat="43.449641" lon="-2.755025">
        <ele>187.5</ele>
      </trkpt>
      <trkpt lat="43.449254" lon="-2.754968">
        <ele>192.0</ele>
      </trkpt>
      <trkpt lat="43.448925" lon="-2.754904">
        <ele>200.1</ele>
      </trkpt>
      <trkpt lat="43.448587" lon="-2.754861">
        <ele>207.2</ele>
      </trkpt>
      <trkpt lat="43.448539" lon="-2.754858">
        <ele>208.3</ele>
      </trkpt>
      <trkpt lat="43.448207" lon="-2.754931">
        <ele>213.5</ele>
      </trkpt>
      <trkpt lat="43.447958" lon="-2.754958">
        <ele>217.6</ele>
      </trkpt>
      <trkpt lat="43.447774" lon="-2.755062">
        <ele>220.4</ele>
      </trkpt>
      <trkpt lat="43.447595" lon="-2.755208">
        <ele>222.2</ele>
      </trkpt>
      <trkpt lat="43.447429" lon="-2.755353">
        <ele>222.9</ele>
      </trkpt>
      <trkpt lat="43.447364" lon="-2.755395">
        <ele>222.8</ele>
      </trkpt>
      <trkpt lat="43.447297" lon="-2.755415">
        <ele>222.9</ele>
      </trkpt>
      <trkpt lat="43.447169" lon="-2.75544">
        <ele>223.2</ele>
      </trkpt>
      <trkpt lat="43.447081" lon="-2.755501">
        <ele>222.9</ele>
      </trkpt>
      <trkpt lat="43.447089" lon="-2.755553">
        <ele>222.6</ele>
      </trkpt>
      <trkpt lat="43.447123" lon="-2.755655">
        <ele>221.8</ele>
      </trkpt>
      <trkpt lat="43.447195" lon="-2.755658">
        <ele>221.3</ele>
      </trkpt>
      <trkpt lat="43.447218" lon="-2.755731">
        <ele>220.3</ele>
      </trkpt>
      <trkpt lat="43.447207" lon="-2.755867">
        <ele>218.8</ele>
      </trkpt>
      <trkpt lat="43.447193" lon="-2.755883">
        <ele>218.7</ele>
      </trkpt>
      <trkpt lat="43.447172" lon="-2.756064">
        <ele>216.5</ele>
      </trkpt>
      <trkpt lat="43.4471" lon="-2.756278">
        <ele>215.6</ele>
      </trkpt>
      <trkpt lat="43.447" lon="-2.756432">
        <ele>215.5</ele>
      </trkpt>
      <trkpt lat="43.446937" lon="-2.75649">
        <ele>216.3</ele>
      </trkpt>
      <trkpt lat="43.446864" lon="-2.756795">
        <ele>215.3</ele>
      </trkpt>
      <trkpt lat="43.446791" lon="-2.7571">
        <ele>214.8</ele>
      </trkpt>
      <trkpt lat="43.446662" lon="-2.75765">
        <ele>215.6</ele>
      </trkpt>
      <trkpt lat="43.446534" lon="-2.758201">
        <ele>218.5</ele>
      </trkpt>
      <trkpt lat="43.446419" lon="-2.758544">
        <ele>222.3</ele>
      </trkpt>
      <trkpt lat="43.446304" lon="-2.758886">
        <ele>224.4</ele>
      </trkpt>
      <trkpt lat="43.446263" lon="-2.759094">
        <ele>224.2</ele>
      </trkpt>
      <trkpt lat="43.446211" lon="-2.759357">
        <ele>223.9</ele>
      </trkpt>
      <trkpt lat="43.446137" lon="-2.759653">
        <ele>223.0</ele>
      </trkpt>
      <trkpt lat="43.44602" lon="-2.759847">
        <ele>224.8</ele>
      </trkpt>
      <trkpt lat="43.446011" lon="-2.759859">
        <ele>225.1</ele>
      </trkpt>
      <trkpt lat="43.445942" lon="-2.759872">
        <ele>227.4</ele>
      </trkpt>
      <trkpt lat="43.445874" lon="-2.760172">
        <ele>226.6</ele>
      </trkpt>
      <trkpt lat="43.445848" lon="-2.760654">
        <ele>223.2</ele>
      </trkpt>
      <trkpt lat="43.445836" lon="-2.760949">
        <ele>218.9</ele>
      </trkpt>
      <trkpt lat="43.445783" lon="-2.761432">
        <ele>212.2</ele>
      </trkpt>
      <trkpt lat="43.44573" lon="-2.761914">
        <ele>212.3</ele>
      </trkpt>
      <trkpt lat="43.44564" lon="-2.762329">
        <ele>212.5</ele>
      </trkpt>
      <trkpt lat="43.445593" lon="-2.762529">
        <ele>213.2</ele>
      </trkpt>
      <trkpt lat="43.445523" lon="-2.762773">
        <ele>214.6</ele>
      </trkpt>
      <trkpt lat="43.445496" lon="-2.762967">
        <ele>213.3</ele>
      </trkpt>
      <trkpt lat="43.445525" lon="-2.763271">
        <ele>207.4</ele>
      </trkpt>
      <trkpt lat="43.445525" lon="-2.76335">
        <ele>206.2</ele>
      </trkpt>
      <trkpt lat="43.445512" lon="-2.763433">
        <ele>205.7</ele>
      </trkpt>
      <trkpt lat="43.445443" lon="-2.763791">
        <ele>204.9</ele>
      </trkpt>
      <trkpt lat="43.445373" lon="-2.764149">
        <ele>203.7</ele>
      </trkpt>
      <trkpt lat="43.445287" lon="-2.764563">
        <ele>195.3</ele>
      </trkpt>
      <trkpt lat="43.445201" lon="-2.764977">
        <ele>190.7</ele>
      </trkpt>
      <trkpt lat="43.445094" lon="-2.765353">
        <ele>189.4</ele>
      </trkpt>
      <trkpt lat="43.444891" lon="-2.765869">
        <ele>195.0</ele>
      </trkpt>
      <trkpt lat="43.444741" lon="-2.766239">
        <ele>191.0</ele>
      </trkpt>
      <trkpt lat="43.444501" lon="-2.766684">
        <ele>194.3</ele>
      </trkpt>
      <trkpt lat="43.444262" lon="-2.76713">
        <ele>197.7</ele>
      </trkpt>
      <trkpt lat="43.444139" lon="-2.767471">
        <ele>198.9</ele>
      </trkpt>
      <trkpt lat="43.444004" lon="-2.767731">
        <ele>198.6</ele>
      </trkpt>
      <trkpt lat="43.443876" lon="-2.767929">
        <ele>201.3</ele>
        <name>Bermeo, Busturialdea-Urdaibai</name>
        <extensions>
          <oa:Extension>
            <oa:mapZoom>15</oa:mapZoom>
          </oa:Extension>
        </extensions>
      </trkpt>
      <trkpt lat="43.44377" lon="-2.768093">
        <ele>203.6</ele>
      </trkpt>
      <trkpt lat="43.443645" lon="-2.768338">
        <ele>207.0</ele>
      </trkpt>
      <trkpt lat="43.44353" lon="-2.768508">
        <ele>210.9</ele>
      </trkpt>
      <trkpt lat="43.443481" lon="-2.768649">
        <ele>211.9</ele>
      </trkpt>
      <trkpt lat="43.443446" lon="-2.768851">
        <ele>211.6</ele>
      </trkpt>
      <trkpt lat="43.443439" lon="-2.769055">
        <ele>209.3</ele>
      </trkpt>
      <trkpt lat="43.443428" lon="-2.76919">
        <ele>208.2</ele>
      </trkpt>
      <trkpt lat="43.443411" lon="-2.769297">
        <ele>208.0</ele>
      </trkpt>
      <trkpt lat="43.443374" lon="-2.769417">
        <ele>208.6</ele>
      </trkpt>
      <trkpt lat="43.443282" lon="-2.769712">
        <ele>209.7</ele>
      </trkpt>
      <trkpt lat="43.443156" lon="-2.770122">
        <ele>210.5</ele>
      </trkpt>
      <trkpt lat="43.44303" lon="-2.770533">
        <ele>206.4</ele>
      </trkpt>
      <trkpt lat="43.442907" lon="-2.771014">
        <ele>201.4</ele>
      </trkpt>
      <trkpt lat="43.44278" lon="-2.771442">
        <ele>198.3</ele>
      </trkpt>
      <trkpt lat="43.442692" lon="-2.771773">
        <ele>198.3</ele>
      </trkpt>
      <trkpt lat="43.442643" lon="-2.772185">
        <ele>198.7</ele>
      </trkpt>
      <trkpt lat="43.44271" lon="-2.772025">
        <ele>197.1</ele>
      </trkpt>
      <trkpt lat="43.442777" lon="-2.771802">
        <ele>195.4</ele>
      </trkpt>
      <trkpt lat="43.442847" lon="-2.771595">
        <ele>194.9</ele>
      </trkpt>
      <trkpt lat="43.442917" lon="-2.77144">
        <ele>194.9</ele>
      </trkpt>
      <trkpt lat="43.442987" lon="-2.771315">
        <ele>194.7</ele>
      </trkpt>
      <trkpt lat="43.44318" lon="-2.771098">
        <ele>191.3</ele>
      </trkpt>
      <trkpt lat="43.443244" lon="-2.770963">
        <ele>190.4</ele>
      </trkpt>
      <trkpt lat="43.443277" lon="-2.770763">
        <ele>193.3</ele>
      </trkpt>
      <trkpt lat="43.443326" lon="-2.770621">
        <ele>195.6</ele>
      </trkpt>
      <trkpt lat="43.443377" lon="-2.770547">
        <ele>195.9</ele>
      </trkpt>
      <trkpt lat="43.443475" lon="-2.770511">
        <ele>193.8</ele>
      </trkpt>
      <trkpt lat="43.443647" lon="-2.770543">
        <ele>188.6</ele>
      </trkpt>
      <trkpt lat="43.443961" lon="-2.770642">
        <ele>182.2</ele>
      </trkpt>
      <trkpt lat="43.444081" lon="-2.770635">
        <ele>181.7</ele>
      </trkpt>
      <trkpt lat="43.444197" lon="-2.770568">
        <ele>181.1</ele>
      </trkpt>
      <trkpt lat="43.444277" lon="-2.770554">
        <ele>179.1</ele>
      </trkpt>
      <trkpt lat="43.44432" lon="-2.770593">
        <ele>176.8</ele>
      </trkpt>
      <trkpt lat="43.444313" lon="-2.770667">
        <ele>175.2</ele>
      </trkpt>
      <trkpt lat="43.444228" lon="-2.770759">
        <ele>176.1</ele>
      </trkpt>
      <trkpt lat="43.444138" lon="-2.770864">
        <ele>175.7</ele>
      </trkpt>
      <trkpt lat="43.443871" lon="-2.771177">
        <ele>172.0</ele>
      </trkpt>
      <trkpt lat="43.443809" lon="-2.771286">
        <ele>170.8</ele>
      </trkpt>
      <trkpt lat="43.443636" lon="-2.771805">
        <ele>164.7</ele>
      </trkpt>
      <trkpt lat="43.443593" lon="-2.771971">
        <ele>163.1</ele>
      </trkpt>
      <trkpt lat="43.443556" lon="-2.772175">
        <ele>160.9</ele>
      </trkpt>
      <trkpt lat="43.44355" lon="-2.772318">
        <ele>159.2</ele>
      </trkpt>
      <trkpt lat="43.443548" lon="-2.772456">
        <ele>157.6</ele>
      </trkpt>
      <trkpt lat="43.443591" lon="-2.772659">
        <ele>153.6</ele>
      </trkpt>
      <trkpt lat="43.443605" lon="-2.77281">
        <ele>152.1</ele>
      </trkpt>
      <trkpt lat="43.443608" lon="-2.772939">
        <ele>151.6</ele>
      </trkpt>
      <trkpt lat="43.443609" lon="-2.772979">
        <ele>151.5</ele>
      </trkpt>
      <trkpt lat="43.44361" lon="-2.773017">
        <ele>151.3</ele>
      </trkpt>
      <trkpt lat="43.443608" lon="-2.773084">
        <ele>150.9</ele>
      </trkpt>
      <trkpt lat="43.443601" lon="-2.773172">
        <ele>150.4</ele>
      </trkpt>
      <trkpt lat="43.443598" lon="-2.773207">
        <ele>150.2</ele>
      </trkpt>
      <trkpt lat="43.443578" lon="-2.773288">
        <ele>149.9</ele>
      </trkpt>
      <trkpt lat="43.443514" lon="-2.773515">
        <ele>148.0</ele>
      </trkpt>
      <trkpt lat="43.443499" lon="-2.773712">
        <ele>144.6</ele>
      </trkpt>
      <trkpt lat="43.443501" lon="-2.773964">
        <ele>139.6</ele>
      </trkpt>
      <trkpt lat="43.443491" lon="-2.774223">
        <ele>135.5</ele>
      </trkpt>
      <trkpt lat="43.443473" lon="-2.774406">
        <ele>132.6</ele>
      </trkpt>
      <trkpt lat="43.443432" lon="-2.774581">
        <ele>131.6</ele>
      </trkpt>
      <trkpt lat="43.443361" lon="-2.774747">
        <ele>132.9</ele>
      </trkpt>
      <trkpt lat="43.443294" lon="-2.774892">
        <ele>133.4</ele>
      </trkpt>
      <trkpt lat="43.443245" lon="-2.775085">
        <ele>131.1</ele>
      </trkpt>
      <trkpt lat="43.443208" lon="-2.77529">
        <ele>126.9</ele>
      </trkpt>
      <trkpt lat="43.443165" lon="-2.775533">
        <ele>122.1</ele>
      </trkpt>
      <trkpt lat="43.443122" lon="-2.775812">
        <ele>117.4</ele>
      </trkpt>
      <trkpt lat="43.443066" lon="-2.776055">
        <ele>116.2</ele>
      </trkpt>
      <trkpt lat="43.443021" lon="-2.776257">
        <ele>116.5</ele>
      </trkpt>
      <trkpt lat="43.443011" lon="-2.776464">
        <ele>113.5</ele>
      </trkpt>
      <trkpt lat="43.442981" lon="-2.776655">
        <ele>109.6</ele>
      </trkpt>
      <trkpt lat="43.442933" lon="-2.77687">
        <ele>108.9</ele>
      </trkpt>
      <trkpt lat="43.442864" lon="-2.777113">
        <ele>107.2</ele>
      </trkpt>
      <trkpt lat="43.442851" lon="-2.777214">
        <ele>105.8</ele>
      </trkpt>
      <trkpt lat="43.442848" lon="-2.77733">
        <ele>104.1</ele>
      </trkpt>
      <trkpt lat="43.44288" lon="-2.777481">
        <ele>100.7</ele>
      </trkpt>
      <trkpt lat="43.442917" lon="-2.777728">
        <ele>96.0</ele>
      </trkpt>
      <trkpt lat="43.442909" lon="-2.777872">
        <ele>94.6</ele>
      </trkpt>
      <trkpt lat="43.442877" lon="-2.778006">
        <ele>94.3</ele>
      </trkpt>
      <trkpt lat="43.442796" lon="-2.77842">
        <ele>92.4</ele>
      </trkpt>
      <trkpt lat="43.442779" lon="-2.778657">
        <ele>91.6</ele>
      </trkpt>
      <trkpt lat="43.442786" lon="-2.779062">
        <ele>87.7</ele>
      </trkpt>
      <trkpt lat="43.442773" lon="-2.779293">
        <ele>85.9</ele>
      </trkpt>
      <trkpt lat="43.442751" lon="-2.779542">
        <ele>84.3</ele>
      </trkpt>
      <trkpt lat="43.442751" lon="-2.779659">
        <ele>83.0</ele>
      </trkpt>
      <trkpt lat="43.442765" lon="-2.779755">
        <ele>81.6</ele>
      </trkpt>
      <trkpt lat="43.442815" lon="-2.779893">
        <ele>78.6</ele>
      </trkpt>
      <trkpt lat="43.442961" lon="-2.78022">
        <ele>72.3</ele>
      </trkpt>
      <trkpt lat="43.443107" lon="-2.780547">
        <ele>67.6</ele>
      </trkpt>
      <trkpt lat="43.443135" lon="-2.78063">
        <ele>66.4</ele>
      </trkpt>
      <trkpt lat="43.443153" lon="-2.780702">
        <ele>65.4</ele>
      </trkpt>
      <trkpt lat="43.44316" lon="-2.780771">
        <ele>65.2</ele>
      </trkpt>
      <trkpt lat="43.44316" lon="-2.780845">
        <ele>65.8</ele>
      </trkpt>
      <trkpt lat="43.443156" lon="-2.780987">
        <ele>67.9</ele>
      </trkpt>
      <trkpt lat="43.443161" lon="-2.781128">
        <ele>69.3</ele>
      </trkpt>
      <trkpt lat="43.443181" lon="-2.78122">
        <ele>68.9</ele>
      </trkpt>
      <trkpt lat="43.443208" lon="-2.781287">
        <ele>67.9</ele>
      </trkpt>
      <trkpt lat="43.443234" lon="-2.78133">
        <ele>67.0</ele>
      </trkpt>
      <trkpt lat="43.443271" lon="-2.781368">
        <ele>65.7</ele>
      </trkpt>
      <trkpt lat="43.443305" lon="-2.78139">
        <ele>64.4</ele>
      </trkpt>
      <trkpt lat="43.443373" lon="-2.781413">
        <ele>61.6</ele>
      </trkpt>
      <trkpt lat="43.443433" lon="-2.781427">
        <ele>59.1</ele>
      </trkpt>
      <trkpt lat="43.44348" lon="-2.781452">
        <ele>57.3</ele>
      </trkpt>
      <trkpt lat="43.443529" lon="-2.781493">
        <ele>55.6</ele>
      </trkpt>
      <trkpt lat="43.443571" lon="-2.781533">
        <ele>54.1</ele>
      </trkpt>
      <trkpt lat="43.443614" lon="-2.781588">
        <ele>52.6</ele>
      </trkpt>
      <trkpt lat="43.443653" lon="-2.78167">
        <ele>51.8</ele>
      </trkpt>
      <trkpt lat="43.443695" lon="-2.781803">
        <ele>51.5</ele>
      </trkpt>
      <trkpt lat="43.443819" lon="-2.782129">
        <ele>49.4</ele>
      </trkpt>
      <trkpt lat="43.443857" lon="-2.782183">
        <ele>48.8</ele>
      </trkpt>
      <trkpt lat="43.443909" lon="-2.782213">
        <ele>46.6</ele>
      </trkpt>
      <trkpt lat="43.443953" lon="-2.782236">
        <ele>44.5</ele>
      </trkpt>
      <trkpt lat="43.444006" lon="-2.782278">
        <ele>41.8</ele>
      </trkpt>
      <trkpt lat="43.44404" lon="-2.782358">
        <ele>40.4</ele>
      </trkpt>
      <trkpt lat="43.444061" lon="-2.78245">
        <ele>39.8</ele>
      </trkpt>
      <trkpt lat="43.444103" lon="-2.782625">
        <ele>40.0</ele>
      </trkpt>
      <trkpt lat="43.444141" lon="-2.782765">
        <ele>40.7</ele>
      </trkpt>
      <trkpt lat="43.444199" lon="-2.782925">
        <ele>39.8</ele>
      </trkpt>
      <trkpt lat="43.444238" lon="-2.783062">
        <ele>39.9</ele>
      </trkpt>
      <trkpt lat="43.44434" lon="-2.78326">
        <ele>35.6</ele>
      </trkpt>
      <trkpt lat="43.444369" lon="-2.783308">
        <ele>33.6</ele>
      </trkpt>
      <trkpt lat="43.444385" lon="-2.78336">
        <ele>32.5</ele>
      </trkpt>
      <trkpt lat="43.444399" lon="-2.783428">
        <ele>31.5</ele>
      </trkpt>
      <trkpt lat="43.444406" lon="-2.783447">
        <ele>31.0</ele>
      </trkpt>
      <trkpt lat="43.444418" lon="-2.783482">
        <ele>30.0</ele>
      </trkpt>
      <trkpt lat="43.444449" lon="-2.783519">
        <ele>27.9</ele>
      </trkpt>
      <trkpt lat="43.444548" lon="-2.78361">
        <ele>22.1</ele>
      </trkpt>
      <trkpt lat="43.444671" lon="-2.783715">
        <ele>16.8</ele>
      </trkpt>
      <trkpt lat="43.444711" lon="-2.783749">
        <ele>15.3</ele>
      </trkpt>
      <trkpt lat="43.444756" lon="-2.783777">
        <ele>13.9</ele>
      </trkpt>
      <trkpt lat="43.4448" lon="-2.783794">
        <ele>12.5</ele>
      </trkpt>
      <trkpt lat="43.44486" lon="-2.7838">
        <ele>10.9</ele>
      </trkpt>
      <trkpt lat="43.444919" lon="-2.783813">
        <ele>9.5</ele>
      </trkpt>
      <trkpt lat="43.444961" lon="-2.783824">
        <ele>8.7</ele>
      </trkpt>
      <trkpt lat="43.444993" lon="-2.783853">
        <ele>8.1</ele>
      </trkpt>
      <trkpt lat="43.445042" lon="-2.783913">
        <ele>7.3</ele>
      </trkpt>
      <trkpt lat="43.445074" lon="-2.783965">
        <ele>6.9</ele>
      </trkpt>
      <trkpt lat="43.445104" lon="-2.783967">
        <ele>6.4</ele>
      </trkpt>
      <trkpt lat="43.445119" lon="-2.783988">
        <ele>6.2</ele>
      </trkpt>
      <trkpt lat="43.445146" lon="-2.783987">
        <ele>5.8</ele>
      </trkpt>
      <trkpt lat="43.445174" lon="-2.783986">
        <ele>5.4</ele>
      </trkpt>
      <trkpt lat="43.445201" lon="-2.783985">
        <ele>5.0</ele>
      </trkpt>
      <trkpt lat="43.445215" lon="-2.784013">
        <ele>4.8</ele>
      </trkpt>
      <trkpt lat="43.445236" lon="-2.78403">
        <ele>4.6</ele>
      </trkpt>
      <trkpt lat="43.445268" lon="-2.784047">
        <ele>4.2</ele>
      </trkpt>
      <trkpt lat="43.445296" lon="-2.784072">
        <ele>3.9</ele>
      </trkpt>
      <trkpt lat="43.445325" lon="-2.784075">
        <ele>3.6</ele>
      </trkpt>
      <trkpt lat="43.445393" lon="-2.784161">
        <ele>3.0</ele>
      </trkpt>
      <trkpt lat="43.445424" lon="-2.784229">
        <ele>2.7</ele>
      </trkpt>
      <trkpt lat="43.445536" lon="-2.784369">
        <ele>2.1</ele>
      </trkpt>
      <trkpt lat="43.445605" lon="-2.784467">
        <ele>1.7</ele>
      </trkpt>
      <trkpt lat="43.445641" lon="-2.784493">
        <ele>1.5</ele>
      </trkpt>
      <trkpt lat="43.445658" lon="-2.7845">
        <ele>1.5</ele>
      </trkpt>
      <trkpt lat="43.445708" lon="-2.784506">
        <ele>1.3</ele>
      </trkpt>
      <trkpt lat="43.445793" lon="-2.784514">
        <ele>1.2</ele>
      </trkpt>
      <trkpt lat="43.445825" lon="-2.784526">
        <ele>1.3</ele>
      </trkpt>
      <trkpt lat="43.445974" lon="-2.784562">
        <ele>2.2</ele>
      </trkpt>
      <trkpt lat="43.445996" lon="-2.784606">
        <ele>2.5</ele>
      </trkpt>
      <trkpt lat="43.446017" lon="-2.784626">
        <ele>2.7</ele>
      </trkpt>
      <trkpt lat="43.446045" lon="-2.78463">
        <ele>3.0</ele>
      </trkpt>
      <trkpt lat="43.446091" lon="-2.78464">
        <ele>3.5</ele>
      </trkpt>
      <trkpt lat="43.446144" lon="-2.78461">
        <ele>4.1</ele>
      </trkpt>
      <trkpt lat="43.446213" lon="-2.784591">
        <ele>5.2</ele>
      </trkpt>
      <trkpt lat="43.446243" lon="-2.784601">
        <ele>5.8</ele>
      </trkpt>
      <trkpt lat="43.446279" lon="-2.784599">
        <ele>6.4</ele>
      </trkpt>
      <trkpt lat="43.446374" lon="-2.784618">
        <ele>8.5</ele>
      </trkpt>
      <trkpt lat="43.446414" lon="-2.784611">
        <ele>9.0</ele>
      </trkpt>
      <trkpt lat="43.446455" lon="-2.784621">
        <ele>9.8</ele>
      </trkpt>
      <trkpt lat="43.446581" lon="-2.784721">
        <ele>12.8</ele>
      </trkpt>
      <trkpt lat="43.446593" lon="-2.78477">
        <ele>13.7</ele>
      </trkpt>
      <trkpt lat="43.446699" lon="-2.784779">
        <ele>15.4</ele>
      </trkpt>
      <trkpt lat="43.446796" lon="-2.7848">
        <ele>17.2</ele>
      </trkpt>
      <trkpt lat="43.446885" lon="-2.784825">
        <ele>18.6</ele>
      </trkpt>
      <trkpt lat="43.446886" lon="-2.784838">
        <ele>18.8</ele>
      </trkpt>
      <trkpt lat="43.446726" lon="-2.784986">
        <ele>18.7</ele>
      </trkpt>
      <trkpt lat="43.44673" lon="-2.784996">
        <ele>18.8</ele>
      </trkpt>
      <trkpt lat="43.446778" lon="-2.784985">
        <ele>19.1</ele>
      </trkpt>
      <trkpt lat="43.446999" lon="-2.784908">
        <ele>20.2</ele>
      </trkpt>
      <trkpt lat="43.447033" lon="-2.784965">
        <ele>20.8</ele>
      </trkpt>
      <trkpt lat="43.447093" lon="-2.785073">
        <ele>21.2</ele>
      </trkpt>
      <trkpt lat="43.447116" lon="-2.785157">
        <ele>20.5</ele>
      </trkpt>
      <trkpt lat="43.447109" lon="-2.785211">
        <ele>19.8</ele>
      </trkpt>
      <trkpt lat="43.447101" lon="-2.78525">
        <ele>19.1</ele>
      </trkpt>
      <trkpt lat="43.447102" lon="-2.785278">
        <ele>18.6</ele>
      </trkpt>
      <trkpt lat="43.447116" lon="-2.785295">
        <ele>18.4</ele>
      </trkpt>
      <trkpt lat="43.447135" lon="-2.785291">
        <ele>18.5</ele>
      </trkpt>
      <trkpt lat="43.447156" lon="-2.785269">
        <ele>19.0</ele>
      </trkpt>
      <trkpt lat="43.447183" lon="-2.785223">
        <ele>19.9</ele>
      </trkpt>
      <trkpt lat="43.447203" lon="-2.785174">
        <ele>20.7</ele>
      </trkpt>
      <trkpt lat="43.44723" lon="-2.785069">
        <ele>21.8</ele>
      </trkpt>
      <trkpt lat="43.447243" lon="-2.784857">
        <ele>20.9</ele>
      </trkpt>
      <trkpt lat="43.447283" lon="-2.784869">
        <ele>20.8</ele>
        <name>Gaztelugatxeko San Juan, Busturialdea-Urdaibai</name>
        <extensions>
          <oa:Extension>
            <oa:mapZoom>17</oa:mapZoom>
          </oa:Extension>
        </extensions>
      </trkpt>
      <trkpt lat="43.447243" lon="-2.784857">
        <ele>20.9</ele>
      </trkpt>
      <trkpt lat="43.44723" lon="-2.785069">
        <ele>21.8</ele>
      </trkpt>
      <trkpt lat="43.447203" lon="-2.785174">
        <ele>20.7</ele>
      </trkpt>
      <trkpt lat="43.447183" lon="-2.785223">
        <ele>19.9</ele>
      </trkpt>
      <trkpt lat="43.447156" lon="-2.785269">
        <ele>19.0</ele>
      </trkpt>
      <trkpt lat="43.447135" lon="-2.785291">
        <ele>18.5</ele>
      </trkpt>
      <trkpt lat="43.447116" lon="-2.785295">
        <ele>18.4</ele>
      </trkpt>
      <trkpt lat="43.447102" lon="-2.785278">
        <ele>18.6</ele>
      </trkpt>
      <trkpt lat="43.447101" lon="-2.78525">
        <ele>19.1</ele>
      </trkpt>
      <trkpt lat="43.447109" lon="-2.785211">
        <ele>19.8</ele>
      </trkpt>
      <trkpt lat="43.447116" lon="-2.785157">
        <ele>20.5</ele>
      </trkpt>
      <trkpt lat="43.447093" lon="-2.785073">
        <ele>21.2</ele>
      </trkpt>
      <trkpt lat="43.447033" lon="-2.784965">
        <ele>20.8</ele>
      </trkpt>
      <trkpt lat="43.446999" lon="-2.784908">
        <ele>20.2</ele>
      </trkpt>
      <trkpt lat="43.446778" lon="-2.784985">
        <ele>19.1</ele>
      </trkpt>
      <trkpt lat="43.44673" lon="-2.784996">
        <ele>18.8</ele>
      </trkpt>
      <trkpt lat="43.446726" lon="-2.784986">
        <ele>18.7</ele>
      </trkpt>
      <trkpt lat="43.446886" lon="-2.784838">
        <ele>18.8</ele>
      </trkpt>
      <trkpt lat="43.446885" lon="-2.784825">
        <ele>18.6</ele>
      </trkpt>
      <trkpt lat="43.446796" lon="-2.7848">
        <ele>17.2</ele>
      </trkpt>
      <trkpt lat="43.446699" lon="-2.784779">
        <ele>15.4</ele>
      </trkpt>
      <trkpt lat="43.446593" lon="-2.78477">
        <ele>13.7</ele>
      </trkpt>
      <trkpt lat="43.446581" lon="-2.784721">
        <ele>12.8</ele>
      </trkpt>
      <trkpt lat="43.446455" lon="-2.784621">
        <ele>9.8</ele>
      </trkpt>
      <trkpt lat="43.446414" lon="-2.784611">
        <ele>9.0</ele>
      </trkpt>
      <trkpt lat="43.446374" lon="-2.784618">
        <ele>8.5</ele>
      </trkpt>
      <trkpt lat="43.446279" lon="-2.784599">
        <ele>6.4</ele>
      </trkpt>
      <trkpt lat="43.446243" lon="-2.784601">
        <ele>5.8</ele>
      </trkpt>
      <trkpt lat="43.446213" lon="-2.784591">
        <ele>5.2</ele>
      </trkpt>
      <trkpt lat="43.446144" lon="-2.78461">
        <ele>4.1</ele>
      </trkpt>
      <trkpt lat="43.446091" lon="-2.78464">
        <ele>3.5</ele>
      </trkpt>
      <trkpt lat="43.446045" lon="-2.78463">
        <ele>3.0</ele>
      </trkpt>
      <trkpt lat="43.446017" lon="-2.784626">
        <ele>2.7</ele>
      </trkpt>
      <trkpt lat="43.445996" lon="-2.784606">
        <ele>2.5</ele>
      </trkpt>
      <trkpt lat="43.445974" lon="-2.784562">
        <ele>2.2</ele>
      </trkpt>
      <trkpt lat="43.445825" lon="-2.784526">
        <ele>1.3</ele>
      </trkpt>
      <trkpt lat="43.445793" lon="-2.784514">
        <ele>1.2</ele>
      </trkpt>
      <trkpt lat="43.445708" lon="-2.784506">
        <ele>1.3</ele>
      </trkpt>
      <trkpt lat="43.445658" lon="-2.7845">
        <ele>1.5</ele>
      </trkpt>
      <trkpt lat="43.445641" lon="-2.784493">
        <ele>1.5</ele>
      </trkpt>
      <trkpt lat="43.445605" lon="-2.784467">
        <ele>1.7</ele>
      </trkpt>
      <trkpt lat="43.445536" lon="-2.784369">
        <ele>2.1</ele>
      </trkpt>
      <trkpt lat="43.445424" lon="-2.784229">
        <ele>2.7</ele>
      </trkpt>
      <trkpt lat="43.445393" lon="-2.784161">
        <ele>3.0</ele>
      </trkpt>
      <trkpt lat="43.445325" lon="-2.784075">
        <ele>3.6</ele>
      </trkpt>
      <trkpt lat="43.445296" lon="-2.784072">
        <ele>3.9</ele>
      </trkpt>
      <trkpt lat="43.445268" lon="-2.784047">
        <ele>4.2</ele>
      </trkpt>
      <trkpt lat="43.445236" lon="-2.78403">
        <ele>4.6</ele>
      </trkpt>
      <trkpt lat="43.445215" lon="-2.784013">
        <ele>4.8</ele>
      </trkpt>
      <trkpt lat="43.445201" lon="-2.783985">
        <ele>5.0</ele>
      </trkpt>
      <trkpt lat="43.445174" lon="-2.783986">
        <ele>5.4</ele>
      </trkpt>
      <trkpt lat="43.445146" lon="-2.783987">
        <ele>5.8</ele>
      </trkpt>
      <trkpt lat="43.445119" lon="-2.783988">
        <ele>6.2</ele>
      </trkpt>
      <trkpt lat="43.445104" lon="-2.783967">
        <ele>6.4</ele>
      </trkpt>
      <trkpt lat="43.445074" lon="-2.783965">
        <ele>6.9</ele>
      </trkpt>
      <trkpt lat="43.445042" lon="-2.783913">
        <ele>7.3</ele>
      </trkpt>
      <trkpt lat="43.444993" lon="-2.783853">
        <ele>8.1</ele>
      </trkpt>
      <trkpt lat="43.444961" lon="-2.783824">
        <ele>8.7</ele>
      </trkpt>
      <trkpt lat="43.444919" lon="-2.783813">
        <ele>9.5</ele>
      </trkpt>
      <trkpt lat="43.44486" lon="-2.7838">
        <ele>10.9</ele>
      </trkpt>
      <trkpt lat="43.4448" lon="-2.783794">
        <ele>12.5</ele>
      </trkpt>
      <trkpt lat="43.444756" lon="-2.783777">
        <ele>13.9</ele>
      </trkpt>
      <trkpt lat="43.444711" lon="-2.783749">
        <ele>15.3</ele>
      </trkpt>
      <trkpt lat="43.444671" lon="-2.783715">
        <ele>16.8</ele>
      </trkpt>
      <trkpt lat="43.444548" lon="-2.78361">
        <ele>22.1</ele>
      </trkpt>
      <trkpt lat="43.444449" lon="-2.783519">
        <ele>27.9</ele>
      </trkpt>
      <trkpt lat="43.444418" lon="-2.783482">
        <ele>30.0</ele>
      </trkpt>
      <trkpt lat="43.444406" lon="-2.783447">
        <ele>31.0</ele>
      </trkpt>
      <trkpt lat="43.444399" lon="-2.783428">
        <ele>31.5</ele>
      </trkpt>
      <trkpt lat="43.444385" lon="-2.78336">
        <ele>32.5</ele>
      </trkpt>
      <trkpt lat="43.444369" lon="-2.783308">
        <ele>33.6</ele>
      </trkpt>
      <trkpt lat="43.44434" lon="-2.78326">
        <ele>35.6</ele>
      </trkpt>
      <trkpt lat="43.444238" lon="-2.783062">
        <ele>39.9</ele>
      </trkpt>
      <trkpt lat="43.444199" lon="-2.782925">
        <ele>39.8</ele>
      </trkpt>
      <trkpt lat="43.444141" lon="-2.782765">
        <ele>40.7</ele>
      </trkpt>
      <trkpt lat="43.444103" lon="-2.782625">
        <ele>40.0</ele>
      </trkpt>
      <trkpt lat="43.444061" lon="-2.78245">
        <ele>39.8</ele>
      </trkpt>
      <trkpt lat="43.44404" lon="-2.782358">
        <ele>40.4</ele>
      </trkpt>
      <trkpt lat="43.444006" lon="-2.782278">
        <ele>41.8</ele>
      </trkpt>
      <trkpt lat="43.443953" lon="-2.782236">
        <ele>44.5</ele>
      </trkpt>
      <trkpt lat="43.443909" lon="-2.782213">
        <ele>46.6</ele>
      </trkpt>
      <trkpt lat="43.443857" lon="-2.782183">
        <ele>48.8</ele>
      </trkpt>
      <trkpt lat="43.443819" lon="-2.782129">
        <ele>49.4</ele>
      </trkpt>
      <trkpt lat="43.443695" lon="-2.781803">
        <ele>51.5</ele>
      </trkpt>
      <trkpt lat="43.443653" lon="-2.78167">
        <ele>51.8</ele>
      </trkpt>
      <trkpt lat="43.443614" lon="-2.781588">
        <ele>52.6</ele>
      </trkpt>
      <trkpt lat="43.443571" lon="-2.781533">
        <ele>54.1</ele>
      </trkpt>
      <trkpt lat="43.443529" lon="-2.781493">
        <ele>55.6</ele>
      </trkpt>
      <trkpt lat="43.44348" lon="-2.781452">
        <ele>57.3</ele>
      </trkpt>
      <trkpt lat="43.443433" lon="-2.781427">
        <ele>59.1</ele>
      </trkpt>
      <trkpt lat="43.443373" lon="-2.781413">
        <ele>61.6</ele>
      </trkpt>
      <trkpt lat="43.443305" lon="-2.78139">
        <ele>64.4</ele>
      </trkpt>
      <trkpt lat="43.443271" lon="-2.781368">
        <ele>65.7</ele>
      </trkpt>
      <trkpt lat="43.443263" lon="-2.781421">
        <ele>67.0</ele>
      </trkpt>
      <trkpt lat="43.443284" lon="-2.781474">
        <ele>67.1</ele>
      </trkpt>
      <trkpt lat="43.443321" lon="-2.781528">
        <ele>66.6</ele>
      </trkpt>
      <trkpt lat="43.443376" lon="-2.781593">
        <ele>65.3</ele>
      </trkpt>
      <trkpt lat="43.443392" lon="-2.781641">
        <ele>65.6</ele>
      </trkpt>
      <trkpt lat="43.443387" lon="-2.781688">
        <ele>66.8</ele>
      </trkpt>
      <trkpt lat="43.443361" lon="-2.781721">
        <ele>68.7</ele>
      </trkpt>
      <trkpt lat="43.443282" lon="-2.78177">
        <ele>73.2</ele>
      </trkpt>
      <trkpt lat="43.443023" lon="-2.781881">
        <ele>84.4</ele>
      </trkpt>
      <trkpt lat="43.44297" lon="-2.781879">
        <ele>86.8</ele>
      </trkpt>
      <trkpt lat="43.442911" lon="-2.781851">
        <ele>89.2</ele>
      </trkpt>
      <trkpt lat="43.442845" lon="-2.781731">
        <ele>91.3</ele>
      </trkpt>
      <trkpt lat="43.442784" lon="-2.781562">
        <ele>92.4</ele>
      </trkpt>
      <trkpt lat="43.442766" lon="-2.781509">
        <ele>92.6</ele>
      </trkpt>
      <trkpt lat="43.442746" lon="-2.78148">
        <ele>93.2</ele>
      </trkpt>
      <trkpt lat="43.44272" lon="-2.781478">
        <ele>94.3</ele>
      </trkpt>
      <trkpt lat="43.442705" lon="-2.781513">
        <ele>95.3</ele>
      </trkpt>
      <trkpt lat="43.442685" lon="-2.781675">
        <ele>97.9</ele>
      </trkpt>
      <trkpt lat="43.442674" lon="-2.781964">
        <ele>103.4</ele>
      </trkpt>
      <trkpt lat="43.442665" lon="-2.782133">
        <ele>108.1</ele>
      </trkpt>
      <trkpt lat="43.442667" lon="-2.782455">
        <ele>113.9</ele>
      </trkpt>
      <trkpt lat="43.442675" lon="-2.782532">
        <ele>114.4</ele>
      </trkpt>
      <trkpt lat="43.442677" lon="-2.782574">
        <ele>114.7</ele>
      </trkpt>
      <trkpt lat="43.442675" lon="-2.782604">
        <ele>115.0</ele>
      </trkpt>
      <trkpt lat="43.442666" lon="-2.782635">
        <ele>115.5</ele>
      </trkpt>
      <trkpt lat="43.442643" lon="-2.78265">
        <ele>116.4</ele>
      </trkpt>
      <trkpt lat="43.442625" lon="-2.782649">
        <ele>117.0</ele>
      </trkpt>
      <trkpt lat="43.442606" lon="-2.782635">
        <ele>117.7</ele>
      </trkpt>
      <trkpt lat="43.442597" lon="-2.782614">
        <ele>118.0</ele>
      </trkpt>
      <trkpt lat="43.442572" lon="-2.782556">
        <ele>119.0</ele>
      </trkpt>
      <trkpt lat="43.44255" lon="-2.782513">
        <ele>119.8</ele>
      </trkpt>
      <trkpt lat="43.442502" lon="-2.782464">
        <ele>121.8</ele>
      </trkpt>
      <trkpt lat="43.442456" lon="-2.782432">
        <ele>123.6</ele>
      </trkpt>
      <trkpt lat="43.442435" lon="-2.782425">
        <ele>124.4</ele>
      </trkpt>
      <trkpt lat="43.442407" lon="-2.782428">
        <ele>125.5</ele>
      </trkpt>
      <trkpt lat="43.442386" lon="-2.782447">
        <ele>126.4</ele>
      </trkpt>
      <trkpt lat="43.442373" lon="-2.782476">
        <ele>127.1</ele>
      </trkpt>
      <trkpt lat="43.442372" lon="-2.782502">
        <ele>127.3</ele>
      </trkpt>
      <trkpt lat="43.442377" lon="-2.782556">
        <ele>127.5</ele>
      </trkpt>
      <trkpt lat="43.442405" lon="-2.782689">
        <ele>126.5</ele>
      </trkpt>
      <trkpt lat="43.442412" lon="-2.782745">
        <ele>126.4</ele>
      </trkpt>
      <trkpt lat="43.44242" lon="-2.782808">
        <ele>126.7</ele>
      </trkpt>
      <trkpt lat="43.442425" lon="-2.782853">
        <ele>127.2</ele>
      </trkpt>
      <trkpt lat="43.442426" lon="-2.782911">
        <ele>128.5</ele>
      </trkpt>
      <trkpt lat="43.442422" lon="-2.782965">
        <ele>130.1</ele>
      </trkpt>
      <trkpt lat="43.442302" lon="-2.782896">
        <ele>135.9</ele>
      </trkpt>
      <trkpt lat="43.44221" lon="-2.782818">
        <ele>139.3</ele>
      </trkpt>
      <trkpt lat="43.442147" lon="-2.782732">
        <ele>140.1</ele>
      </trkpt>
      <trkpt lat="43.442099" lon="-2.782647">
        <ele>140.0</ele>
      </trkpt>
      <trkpt lat="43.442018" lon="-2.782641">
        <ele>142.4</ele>
      </trkpt>
      <trkpt lat="43.441935" lon="-2.782692">
        <ele>145.7</ele>
      </trkpt>
      <trkpt lat="43.44177" lon="-2.782664">
        <ele>149.4</ele>
      </trkpt>
      <trkpt lat="43.441598" lon="-2.782549">
        <ele>151.4</ele>
      </trkpt>
      <trkpt lat="43.441548" lon="-2.782502">
        <ele>152.0</ele>
      </trkpt>
      <trkpt lat="43.44144" lon="-2.782367">
        <ele>153.9</ele>
      </trkpt>
      <trkpt lat="43.441319" lon="-2.782284">
        <ele>157.6</ele>
      </trkpt>
      <trkpt lat="43.441207" lon="-2.78227">
        <ele>161.7</ele>
      </trkpt>
      <trkpt lat="43.441103" lon="-2.782285">
        <ele>165.9</ele>
      </trkpt>
      <trkpt lat="43.441055" lon="-2.782315">
        <ele>168.0</ele>
      </trkpt>
      <trkpt lat="43.441049" lon="-2.782393">
        <ele>169.0</ele>
      </trkpt>
      <trkpt lat="43.441064" lon="-2.782554">
        <ele>170.5</ele>
      </trkpt>
      <trkpt lat="43.441058" lon="-2.782738">
        <ele>173.9</ele>
      </trkpt>
      <trkpt lat="43.441023" lon="-2.782925">
        <ele>177.2</ele>
      </trkpt>
      <trkpt lat="43.440979" lon="-2.78306">
        <ele>179.1</ele>
      </trkpt>
      <trkpt lat="43.440966" lon="-2.783073">
        <ele>179.4</ele>
      </trkpt>
      <trkpt lat="43.440933" lon="-2.783142">
        <ele>180.1</ele>
      </trkpt>
      <trkpt lat="43.440891" lon="-2.783231">
        <ele>180.8</ele>
      </trkpt>
      <trkpt lat="43.440796" lon="-2.783382">
        <ele>182.9</ele>
      </trkpt>
      <trkpt lat="43.440717" lon="-2.783505">
        <ele>185.3</ele>
      </trkpt>
      <trkpt lat="43.440832" lon="-2.78368">
        <ele>185.8</ele>
      </trkpt>
      <trkpt lat="43.440862" lon="-2.783715">
        <ele>185.7</ele>
      </trkpt>
      <trkpt lat="43.440904" lon="-2.783743">
        <ele>185.4</ele>
      </trkpt>
      <trkpt lat="43.44095" lon="-2.783772">
        <ele>184.9</ele>
      </trkpt>
      <trkpt lat="43.441002" lon="-2.783806">
        <ele>184.2</ele>
      </trkpt>
      <trkpt lat="43.441072" lon="-2.783856">
        <ele>183.4</ele>
      </trkpt>
      <trkpt lat="43.441132" lon="-2.783902">
        <ele>182.8</ele>
      </trkpt>
      <trkpt lat="43.441163" lon="-2.783926">
        <ele>182.5</ele>
      </trkpt>
      <trkpt lat="43.441206" lon="-2.783953">
        <ele>182.1</ele>
      </trkpt>
      <trkpt lat="43.44124" lon="-2.783967">
        <ele>181.7</ele>
      </trkpt>
      <trkpt lat="43.441391" lon="-2.783998">
        <ele>179.4</ele>
      </trkpt>
      <trkpt lat="43.441448" lon="-2.78401">
        <ele>178.5</ele>
      </trkpt>
      <trkpt lat="43.441496" lon="-2.784029">
        <ele>177.8</ele>
      </trkpt>
      <trkpt lat="43.441545" lon="-2.784068">
        <ele>177.2</ele>
      </trkpt>
      <trkpt lat="43.441591" lon="-2.784114">
        <ele>176.5</ele>
      </trkpt>
      <trkpt lat="43.441644" lon="-2.784187">
        <ele>175.5</ele>
      </trkpt>
      <trkpt lat="43.441693" lon="-2.784273">
        <ele>174.4</ele>
      </trkpt>
      <trkpt lat="43.4418" lon="-2.784496">
        <ele>172.0</ele>
      </trkpt>
      <trkpt lat="43.44185" lon="-2.784643">
        <ele>170.9</ele>
      </trkpt>
      <trkpt lat="43.441903" lon="-2.784978">
        <ele>168.7</ele>
      </trkpt>
      <trkpt lat="43.441985" lon="-2.785411">
        <ele>164.3</ele>
      </trkpt>
      <trkpt lat="43.442079" lon="-2.785935">
        <ele>151.9</ele>
      </trkpt>
      <trkpt lat="43.442102" lon="-2.786022">
        <ele>149.4</ele>
      </trkpt>
      <trkpt lat="43.442141" lon="-2.786113">
        <ele>147.1</ele>
      </trkpt>
      <trkpt lat="43.442286" lon="-2.786333">
        <ele>143.6</ele>
      </trkpt>
      <trkpt lat="43.442357" lon="-2.786435">
        <ele>142.2</ele>
      </trkpt>
      <trkpt lat="43.442365" lon="-2.7865">
        <ele>141.4</ele>
      </trkpt>
      <trkpt lat="43.442347" lon="-2.786574">
        <ele>140.7</ele>
      </trkpt>
      <trkpt lat="43.442293" lon="-2.786598">
        <ele>140.6</ele>
      </trkpt>
      <trkpt lat="43.44224" lon="-2.786592">
        <ele>140.8</ele>
      </trkpt>
      <trkpt lat="43.442103" lon="-2.786533">
        <ele>141.8</ele>
      </trkpt>
      <trkpt lat="43.441894" lon="-2.786447">
        <ele>143.5</ele>
      </trkpt>
      <trkpt lat="43.441816" lon="-2.786445">
        <ele>144.1</ele>
      </trkpt>
      <trkpt lat="43.441722" lon="-2.78646">
        <ele>144.7</ele>
      </trkpt>
      <trkpt lat="43.441608" lon="-2.786519">
        <ele>145.0</ele>
      </trkpt>
      <trkpt lat="43.441561" lon="-2.78656">
        <ele>144.7</ele>
      </trkpt>
      <trkpt lat="43.441527" lon="-2.786615">
        <ele>143.7</ele>
      </trkpt>
      <trkpt lat="43.441507" lon="-2.786686">
        <ele>142.2</ele>
      </trkpt>
      <trkpt lat="43.441496" lon="-2.786771">
        <ele>140.3</ele>
      </trkpt>
      <trkpt lat="43.441489" lon="-2.786888">
        <ele>137.9</ele>
      </trkpt>
      <trkpt lat="43.441505" lon="-2.787082">
        <ele>134.9</ele>
      </trkpt>
      <trkpt lat="43.441524" lon="-2.787302">
        <ele>131.4</ele>
      </trkpt>
      <trkpt lat="43.441532" lon="-2.787447">
        <ele>128.6</ele>
      </trkpt>
      <trkpt lat="43.441527" lon="-2.787533">
        <ele>127.2</ele>
      </trkpt>
      <trkpt lat="43.441507" lon="-2.787633">
        <ele>126.2</ele>
      </trkpt>
      <trkpt lat="43.441473" lon="-2.78776">
        <ele>125.1</ele>
      </trkpt>
      <trkpt lat="43.441435" lon="-2.787866">
        <ele>124.1</ele>
      </trkpt>
      <trkpt lat="43.441383" lon="-2.787985">
        <ele>122.8</ele>
      </trkpt>
      <trkpt lat="43.441321" lon="-2.788083">
        <ele>122.1</ele>
      </trkpt>
      <trkpt lat="43.441277" lon="-2.788171">
        <ele>121.2</ele>
      </trkpt>
      <trkpt lat="43.441238" lon="-2.78827">
        <ele>119.8</ele>
      </trkpt>
      <trkpt lat="43.441162" lon="-2.788565">
        <ele>114.3</ele>
      </trkpt>
      <trkpt lat="43.441087" lon="-2.788859">
        <ele>107.4</ele>
      </trkpt>
      <trkpt lat="43.441045" lon="-2.788978">
        <ele>105.1</ele>
      </trkpt>
      <trkpt lat="43.440976" lon="-2.789117">
        <ele>102.9</ele>
      </trkpt>
      <trkpt lat="43.440919" lon="-2.789216">
        <ele>101.3</ele>
      </trkpt>
      <trkpt lat="43.44086" lon="-2.789303">
        <ele>99.9</ele>
      </trkpt>
      <trkpt lat="43.440781" lon="-2.789404">
        <ele>98.4</ele>
      </trkpt>
      <trkpt lat="43.440698" lon="-2.78949">
        <ele>97.5</ele>
      </trkpt>
      <trkpt lat="43.440602" lon="-2.789567">
        <ele>97.3</ele>
      </trkpt>
      <trkpt lat="43.440304" lon="-2.789795">
        <ele>95.5</ele>
      </trkpt>
      <trkpt lat="43.440179" lon="-2.789902">
        <ele>94.8</ele>
      </trkpt>
      <trkpt lat="43.440093" lon="-2.789989">
        <ele>93.8</ele>
      </trkpt>
      <trkpt lat="43.439936" lon="-2.790149">
        <ele>89.9</ele>
      </trkpt>
      <trkpt lat="43.439868" lon="-2.790229">
        <ele>87.8</ele>
      </trkpt>
      <trkpt lat="43.439816" lon="-2.790301">
        <ele>86.2</ele>
      </trkpt>
      <trkpt lat="43.439752" lon="-2.790405">
        <ele>83.8</ele>
      </trkpt>
      <trkpt lat="43.439704" lon="-2.7905">
        <ele>81.8</ele>
      </trkpt>
      <trkpt lat="43.43964" lon="-2.790661">
        <ele>79.5</ele>
      </trkpt>
      <trkpt lat="43.439588" lon="-2.790809">
        <ele>77.8</ele>
      </trkpt>
      <trkpt lat="43.439513" lon="-2.791058">
        <ele>74.3</ele>
      </trkpt>
      <trkpt lat="43.43949" lon="-2.791172">
        <ele>73.1</ele>
      </trkpt>
      <trkpt lat="43.439472" lon="-2.791278">
        <ele>72.1</ele>
      </trkpt>
      <trkpt lat="43.439445" lon="-2.791439">
        <ele>70.4</ele>
      </trkpt>
      <trkpt lat="43.439419" lon="-2.79156">
        <ele>68.8</ele>
      </trkpt>
      <trkpt lat="43.439392" lon="-2.791634">
        <ele>67.8</ele>
      </trkpt>
      <trkpt lat="43.43935" lon="-2.791712">
        <ele>66.6</ele>
      </trkpt>
      <trkpt lat="43.439278" lon="-2.791774">
        <ele>65.8</ele>
      </trkpt>
      <trkpt lat="43.439162" lon="-2.791846">
        <ele>65.2</ele>
      </trkpt>
      <trkpt lat="43.439094" lon="-2.791887">
        <ele>65.1</ele>
      </trkpt>
      <trkpt lat="43.43903" lon="-2.791918">
        <ele>65.1</ele>
      </trkpt>
      <trkpt lat="43.438979" lon="-2.791929">
        <ele>65.1</ele>
      </trkpt>
      <trkpt lat="43.438884" lon="-2.791935">
        <ele>65.1</ele>
      </trkpt>
      <trkpt lat="43.438805" lon="-2.791935">
        <ele>64.8</ele>
      </trkpt>
      <trkpt lat="43.438749" lon="-2.791945">
        <ele>64.3</ele>
      </trkpt>
      <trkpt lat="43.438723" lon="-2.791975">
        <ele>63.6</ele>
      </trkpt>
      <trkpt lat="43.438702" lon="-2.792029">
        <ele>62.7</ele>
      </trkpt>
      <trkpt lat="43.438602" lon="-2.792348">
        <ele>57.3</ele>
      </trkpt>
      <trkpt lat="43.438501" lon="-2.792667">
        <ele>52.8</ele>
      </trkpt>
      <trkpt lat="43.438461" lon="-2.7928">
        <ele>50.9</ele>
      </trkpt>
      <trkpt lat="43.438396" lon="-2.792972">
        <ele>48.4</ele>
      </trkpt>
      <trkpt lat="43.438212" lon="-2.793338">
        <ele>43.8</ele>
      </trkpt>
      <trkpt lat="43.438163" lon="-2.793419">
        <ele>42.2</ele>
      </trkpt>
      <trkpt lat="43.438073" lon="-2.793503">
        <ele>40.2</ele>
      </trkpt>
      <trkpt lat="43.437962" lon="-2.793608">
        <ele>38.9</ele>
      </trkpt>
      <trkpt lat="43.437868" lon="-2.793709">
        <ele>39.0</ele>
      </trkpt>
      <trkpt lat="43.43776" lon="-2.793913">
        <ele>40.3</ele>
      </trkpt>
      <trkpt lat="43.437667" lon="-2.794091">
        <ele>42.2</ele>
      </trkpt>
      <trkpt lat="43.437621" lon="-2.794236">
        <ele>43.3</ele>
      </trkpt>
      <trkpt lat="43.437604" lon="-2.794383">
        <ele>43.3</ele>
      </trkpt>
      <trkpt lat="43.437596" lon="-2.794554">
        <ele>43.5</ele>
      </trkpt>
      <trkpt lat="43.437601" lon="-2.794839">
        <ele>45.0</ele>
      </trkpt>
      <trkpt lat="43.43759" lon="-2.794907">
        <ele>46.3</ele>
      </trkpt>
      <trkpt lat="43.437575" lon="-2.794953">
        <ele>47.5</ele>
      </trkpt>
      <trkpt lat="43.437539" lon="-2.795004">
        <ele>49.5</ele>
      </trkpt>
      <trkpt lat="43.437386" lon="-2.795124">
        <ele>52.6</ele>
      </trkpt>
      <trkpt lat="43.43732" lon="-2.795186">
        <ele>53.0</ele>
      </trkpt>
      <trkpt lat="43.437248" lon="-2.79529">
        <ele>53.5</ele>
      </trkpt>
      <trkpt lat="43.437116" lon="-2.795444">
        <ele>55.6</ele>
      </trkpt>
      <trkpt lat="43.436775" lon="-2.795775">
        <ele>60.2</ele>
      </trkpt>
      <trkpt lat="43.436659" lon="-2.795875">
        <ele>62.1</ele>
      </trkpt>
      <trkpt lat="43.436531" lon="-2.795967">
        <ele>62.6</ele>
      </trkpt>
      <trkpt lat="43.436337" lon="-2.796022">
        <ele>61.7</ele>
      </trkpt>
      <trkpt lat="43.436195" lon="-2.796058">
        <ele>59.6</ele>
      </trkpt>
      <trkpt lat="43.43612" lon="-2.796129">
        <ele>57.9</ele>
      </trkpt>
      <trkpt lat="43.436089" lon="-2.796194">
        <ele>57.1</ele>
      </trkpt>
      <trkpt lat="43.436021" lon="-2.7964">
        <ele>55.1</ele>
      </trkpt>
      <trkpt lat="43.435947" lon="-2.796609">
        <ele>53.2</ele>
      </trkpt>
      <trkpt lat="43.435878" lon="-2.796756">
        <ele>49.9</ele>
      </trkpt>
      <trkpt lat="43.435845" lon="-2.796856">
        <ele>47.8</ele>
      </trkpt>
      <trkpt lat="43.435811" lon="-2.796978">
        <ele>45.5</ele>
      </trkpt>
      <trkpt lat="43.435788" lon="-2.797194">
        <ele>41.5</ele>
      </trkpt>
      <trkpt lat="43.43576" lon="-2.797323">
        <ele>37.8</ele>
      </trkpt>
      <trkpt lat="43.435716" lon="-2.797477">
        <ele>33.4</ele>
      </trkpt>
      <trkpt lat="43.435658" lon="-2.797614">
        <ele>31.7</ele>
      </trkpt>
      <trkpt lat="43.435569" lon="-2.797734">
        <ele>31.8</ele>
      </trkpt>
      <trkpt lat="43.435455" lon="-2.797844">
        <ele>31.9</ele>
      </trkpt>
      <trkpt lat="43.435251" lon="-2.797976">
        <ele>32.8</ele>
      </trkpt>
      <trkpt lat="43.435138" lon="-2.798057">
        <ele>31.8</ele>
      </trkpt>
      <trkpt lat="43.434963" lon="-2.798229">
        <ele>30.1</ele>
      </trkpt>
      <trkpt lat="43.434723" lon="-2.798448">
        <ele>27.1</ele>
      </trkpt>
      <trkpt lat="43.434456" lon="-2.798655">
        <ele>24.4</ele>
      </trkpt>
      <trkpt lat="43.434423" lon="-2.798686">
        <ele>24.4</ele>
      </trkpt>
      <trkpt lat="43.434123" lon="-2.798814">
        <ele>26.1</ele>
      </trkpt>
      <trkpt lat="43.433988" lon="-2.798858">
        <ele>26.6</ele>
      </trkpt>
      <trkpt lat="43.433898" lon="-2.798899">
        <ele>26.8</ele>
      </trkpt>
      <trkpt lat="43.433711" lon="-2.799034">
        <ele>27.3</ele>
      </trkpt>
      <trkpt lat="43.433467" lon="-2.799213">
        <ele>25.6</ele>
      </trkpt>
      <trkpt lat="43.43339" lon="-2.799255">
        <ele>25.0</ele>
      </trkpt>
      <trkpt lat="43.433362" lon="-2.799265">
        <ele>25.0</ele>
      </trkpt>
      <trkpt lat="43.433276" lon="-2.799305">
        <ele>24.8</ele>
      </trkpt>
      <trkpt lat="43.43319" lon="-2.79933">
        <ele>24.7</ele>
      </trkpt>
      <trkpt lat="43.433126" lon="-2.79933">
        <ele>25.0</ele>
      </trkpt>
      <trkpt lat="43.433071" lon="-2.799298">
        <ele>26.0</ele>
      </trkpt>
      <trkpt lat="43.432978" lon="-2.799208">
        <ele>28.7</ele>
      </trkpt>
      <trkpt lat="43.432859" lon="-2.799293">
        <ele>27.4</ele>
      </trkpt>
      <trkpt lat="43.432658" lon="-2.799397">
        <ele>25.3</ele>
      </trkpt>
      <trkpt lat="43.43228" lon="-2.799488">
        <ele>23.5</ele>
      </trkpt>
      <trkpt lat="43.432249" lon="-2.799493">
        <ele>23.3</ele>
      </trkpt>
      <trkpt lat="43.432196" lon="-2.799503">
        <ele>23.1</ele>
      </trkpt>
      <trkpt lat="43.432011" lon="-2.799565">
        <ele>22.3</ele>
      </trkpt>
      <trkpt lat="43.43195" lon="-2.799639">
        <ele>21.1</ele>
      </trkpt>
      <trkpt lat="43.431913" lon="-2.799729">
        <ele>19.9</ele>
      </trkpt>
      <trkpt lat="43.431903" lon="-2.799766">
        <ele>19.5</ele>
      </trkpt>
      <trkpt lat="43.431884" lon="-2.799795">
        <ele>19.2</ele>
      </trkpt>
      <trkpt lat="43.431861" lon="-2.799813">
        <ele>19.0</ele>
      </trkpt>
      <trkpt lat="43.431836" lon="-2.79982">
        <ele>19.0</ele>
      </trkpt>
      <trkpt lat="43.431766" lon="-2.799846">
        <ele>18.7</ele>
      </trkpt>
      <trkpt lat="43.431711" lon="-2.799882">
        <ele>18.4</ele>
      </trkpt>
      <trkpt lat="43.431611" lon="-2.800071">
        <ele>17.7</ele>
      </trkpt>
      <trkpt lat="43.43139" lon="-2.800528">
        <ele>16.0</ele>
      </trkpt>
      <trkpt lat="43.431168" lon="-2.800984">
        <ele>12.8</ele>
      </trkpt>
      <trkpt lat="43.430946" lon="-2.801441">
        <ele>10.7</ele>
      </trkpt>
      <trkpt lat="43.430825" lon="-2.801691">
        <ele>10.0</ele>
      </trkpt>
      <trkpt lat="43.430797" lon="-2.80175">
        <ele>10.0</ele>
      </trkpt>
      <trkpt lat="43.430644" lon="-2.802079">
        <ele>10.9</ele>
      </trkpt>
      <trkpt lat="43.430491" lon="-2.802409">
        <ele>11.0</ele>
      </trkpt>
      <trkpt lat="43.430244" lon="-2.802897">
        <ele>8.9</ele>
      </trkpt>
      <trkpt lat="43.430167" lon="-2.803046">
        <ele>8.0</ele>
      </trkpt>
      <trkpt lat="43.430025" lon="-2.803338">
        <ele>7.7</ele>
      </trkpt>
      <trkpt lat="43.429924" lon="-2.803555">
        <ele>8.5</ele>
      </trkpt>
      <trkpt lat="43.429952" lon="-2.8037">
        <ele>7.5</ele>
      </trkpt>
      <trkpt lat="43.430045" lon="-2.804017">
        <ele>5.9</ele>
      </trkpt>
      <trkpt lat="43.430139" lon="-2.804334">
        <ele>6.5</ele>
      </trkpt>
      <trkpt lat="43.430002" lon="-2.804872">
        <ele>6.0</ele>
      </trkpt>
      <trkpt lat="43.429865" lon="-2.805409">
        <ele>4.8</ele>
      </trkpt>
      <trkpt lat="43.429739" lon="-2.805356">
        <ele>5.8</ele>
      </trkpt>
      <trkpt lat="43.42973" lon="-2.805394">
        <ele>5.9</ele>
      </trkpt>
      <trkpt lat="43.429313" lon="-2.805227">
        <ele>7.0</ele>
      </trkpt>
      <trkpt lat="43.429293" lon="-2.805244">
        <ele>7.0</ele>
      </trkpt>
      <trkpt lat="43.429202" lon="-2.805196">
        <ele>6.8</ele>
      </trkpt>
      <trkpt lat="43.429237" lon="-2.805133">
        <ele>6.7</ele>
      </trkpt>
      <trkpt lat="43.429176" lon="-2.805103">
        <ele>6.4</ele>
      </trkpt>
      <trkpt lat="43.429289" lon="-2.804868">
        <ele>5.9</ele>
      </trkpt>
      <trkpt lat="43.429299" lon="-2.804873">
        <ele>5.9</ele>
        <name>BI-3201, Bakio (Baquio), Mungialdea</name>
        <extensions>
          <oa:Extension>
            <oa:mapZoom>17</oa:mapZoom>
          </oa:Extension>
        </extensions>
      </trkpt>
    </trkseg>
  </trk>
</gpx>