<?xml version="1.0" encoding="UTF-8" standalone="yes"?>
<gpx version="1.1" creator="outdooractive - http://www.outdooractive.com" xmlns="http://www.topografix.com/GPX/1/1" xmlns:oa="http://www.outdooractive.com/GPX/Extensions/1" xmlns:xsi="http://www.w3.org/2001/XMLSchema-instance" xsi:schemaLocation="http://www.topografix.com/GPX/1/1 http://www.topografix.com/GPX/1/1/gpx.xsd http://www.outdooractive.com/GPX/Extensions/1 https://www.outdooractive.com/schema/gpx_extensions.xsd">
  <metadata>
    <name>euskadi idea etapa 1</name>
    <author>
      <name>Víctor L - Community</name>
    </author>
    <link href="https://www.outdooractive.com/r/338610832"/>
    <time>2026-04-12T09:55:09.554Z</time>
    <extensions>
      <oa:oaCategory>hikingTourTrail</oa:oaCategory>
    </extensions>
  </metadata>
  <trk>
    <name>euskadi idea etapa 1</name>
    <type>hikingTourTrail</type>
    <trkseg>
      <trkpt lat="43.293167" lon="-2.329765">
        <ele>150.5</ele>
        <name>Itsaspe auzoa, Deba (Deva), Debabarrena (Bajo Deba)</name>
        <extensions>
          <oa:Extension>
            <oa:mapZoom>16</oa:mapZoom>
          </oa:Extension>
        </extensions>
      </trkpt>
      <trkpt lat="43.293428" lon="-2.329826">
        <ele>151.7</ele>
      </trkpt>
      <trkpt lat="43.293649" lon="-2.329835">
        <ele>149.9</ele>
      </trkpt>
      <trkpt lat="43.293756" lon="-2.329831">
        <ele>148.9</ele>
      </trkpt>
      <trkpt lat="43.294025" lon="-2.329831">
        <ele>146.3</ele>
      </trkpt>
      <trkpt lat="43.294163" lon="-2.329839">
        <ele>145.3</ele>
      </trkpt>
      <trkpt lat="43.294378" lon="-2.32987">
        <ele>145.6</ele>
      </trkpt>
      <trkpt lat="43.294448" lon="-2.329929">
        <ele>145.4</ele>
      </trkpt>
      <trkpt lat="43.294589" lon="-2.330107">
        <ele>143.4</ele>
      </trkpt>
      <trkpt lat="43.294584" lon="-2.330155">
        <ele>142.8</ele>
      </trkpt>
      <trkpt lat="43.294594" lon="-2.330196">
        <ele>142.1</ele>
      </trkpt>
      <trkpt lat="43.294647" lon="-2.330261">
        <ele>140.9</ele>
      </trkpt>
      <trkpt lat="43.294769" lon="-2.33034">
        <ele>138.4</ele>
      </trkpt>
      <trkpt lat="43.294828" lon="-2.330366">
        <ele>136.8</ele>
      </trkpt>
      <trkpt lat="43.294928" lon="-2.330382">
        <ele>133.9</ele>
      </trkpt>
      <trkpt lat="43.294977" lon="-2.330397">
        <ele>132.5</ele>
      </trkpt>
      <trkpt lat="43.295058" lon="-2.330416">
        <ele>130.4</ele>
      </trkpt>
      <trkpt lat="43.295224" lon="-2.330517">
        <ele>125.6</ele>
      </trkpt>
      <trkpt lat="43.295457" lon="-2.33069">
        <ele>120.1</ele>
      </trkpt>
      <trkpt lat="43.295671" lon="-2.33088">
        <ele>119.3</ele>
      </trkpt>
      <trkpt lat="43.295896" lon="-2.33111">
        <ele>119.1</ele>
      </trkpt>
      <trkpt lat="43.295974" lon="-2.331261">
        <ele>117.8</ele>
      </trkpt>
      <trkpt lat="43.29603" lon="-2.331342">
        <ele>116.7</ele>
      </trkpt>
      <trkpt lat="43.296102" lon="-2.33141">
        <ele>115.6</ele>
      </trkpt>
      <trkpt lat="43.296393" lon="-2.331564">
        <ele>111.2</ele>
      </trkpt>
      <trkpt lat="43.296683" lon="-2.331718">
        <ele>109.5</ele>
      </trkpt>
      <trkpt lat="43.296809" lon="-2.331923">
        <ele>105.6</ele>
      </trkpt>
      <trkpt lat="43.296856" lon="-2.332011">
        <ele>103.3</ele>
      </trkpt>
      <trkpt lat="43.296928" lon="-2.332077">
        <ele>101.4</ele>
      </trkpt>
      <trkpt lat="43.297044" lon="-2.332084">
        <ele>99.7</ele>
      </trkpt>
      <trkpt lat="43.297199" lon="-2.331968">
        <ele>97.5</ele>
      </trkpt>
      <trkpt lat="43.297299" lon="-2.331924">
        <ele>94.1</ele>
      </trkpt>
      <trkpt lat="43.297399" lon="-2.331929">
        <ele>89.6</ele>
      </trkpt>
      <trkpt lat="43.297488" lon="-2.332023">
        <ele>86.3</ele>
      </trkpt>
      <trkpt lat="43.297545" lon="-2.33218">
        <ele>84.7</ele>
      </trkpt>
      <trkpt lat="43.297703" lon="-2.332464">
        <ele>86.2</ele>
      </trkpt>
      <trkpt lat="43.297822" lon="-2.333044">
        <ele>79.5</ele>
      </trkpt>
      <trkpt lat="43.297824" lon="-2.333089">
        <ele>78.5</ele>
      </trkpt>
      <trkpt lat="43.297807" lon="-2.333115">
        <ele>77.3</ele>
      </trkpt>
      <trkpt lat="43.297771" lon="-2.333117">
        <ele>76.1</ele>
      </trkpt>
      <trkpt lat="43.297733" lon="-2.333095">
        <ele>75.4</ele>
      </trkpt>
      <trkpt lat="43.297537" lon="-2.332929">
        <ele>72.2</ele>
      </trkpt>
      <trkpt lat="43.297531" lon="-2.332978">
        <ele>70.4</ele>
      </trkpt>
      <trkpt lat="43.297569" lon="-2.33311">
        <ele>68.1</ele>
      </trkpt>
      <trkpt lat="43.297684" lon="-2.333349">
        <ele>66.0</ele>
      </trkpt>
      <trkpt lat="43.297759" lon="-2.333468">
        <ele>65.4</ele>
      </trkpt>
      <trkpt lat="43.297857" lon="-2.333615">
        <ele>64.6</ele>
      </trkpt>
      <trkpt lat="43.297911" lon="-2.333694">
        <ele>64.1</ele>
      </trkpt>
      <trkpt lat="43.297968" lon="-2.333759">
        <ele>64.3</ele>
      </trkpt>
      <trkpt lat="43.298019" lon="-2.333815">
        <ele>64.6</ele>
      </trkpt>
      <trkpt lat="43.298058" lon="-2.333895">
        <ele>63.9</ele>
      </trkpt>
      <trkpt lat="43.298076" lon="-2.334016">
        <ele>61.5</ele>
      </trkpt>
      <trkpt lat="43.298143" lon="-2.334191">
        <ele>59.4</ele>
      </trkpt>
      <trkpt lat="43.298238" lon="-2.334341">
        <ele>58.9</ele>
      </trkpt>
      <trkpt lat="43.2983" lon="-2.334495">
        <ele>56.6</ele>
      </trkpt>
      <trkpt lat="43.298348" lon="-2.334617">
        <ele>53.8</ele>
      </trkpt>
      <trkpt lat="43.298429" lon="-2.334725">
        <ele>51.1</ele>
      </trkpt>
      <trkpt lat="43.298538" lon="-2.334835">
        <ele>47.3</ele>
      </trkpt>
      <trkpt lat="43.298555" lon="-2.33486">
        <ele>46.3</ele>
      </trkpt>
      <trkpt lat="43.298557" lon="-2.334881">
        <ele>45.5</ele>
      </trkpt>
      <trkpt lat="43.29854" lon="-2.334894">
        <ele>44.8</ele>
      </trkpt>
      <trkpt lat="43.298374" lon="-2.334882">
        <ele>44.4</ele>
      </trkpt>
      <trkpt lat="43.29837" lon="-2.334895">
        <ele>43.9</ele>
      </trkpt>
      <trkpt lat="43.298374" lon="-2.334914">
        <ele>43.2</ele>
      </trkpt>
      <trkpt lat="43.298516" lon="-2.33501">
        <ele>40.2</ele>
      </trkpt>
      <trkpt lat="43.298515" lon="-2.335026">
        <ele>39.6</ele>
      </trkpt>
      <trkpt lat="43.2985" lon="-2.335043">
        <ele>38.9</ele>
      </trkpt>
      <trkpt lat="43.298419" lon="-2.33504">
        <ele>38.8</ele>
      </trkpt>
      <trkpt lat="43.298356" lon="-2.335065">
        <ele>37.9</ele>
      </trkpt>
      <trkpt lat="43.298346" lon="-2.335069">
        <ele>37.7</ele>
      </trkpt>
      <trkpt lat="43.298298" lon="-2.3351">
        <ele>36.9</ele>
      </trkpt>
      <trkpt lat="43.298276" lon="-2.335127">
        <ele>36.3</ele>
      </trkpt>
      <trkpt lat="43.298254" lon="-2.335207">
        <ele>34.5</ele>
      </trkpt>
      <trkpt lat="43.298429" lon="-2.335194">
        <ele>33.6</ele>
      </trkpt>
      <trkpt lat="43.298658" lon="-2.335215">
        <ele>33.9</ele>
      </trkpt>
      <trkpt lat="43.298732" lon="-2.33559">
        <ele>28.9</ele>
      </trkpt>
      <trkpt lat="43.298763" lon="-2.335689">
        <ele>28.0</ele>
      </trkpt>
      <trkpt lat="43.298794" lon="-2.335778">
        <ele>27.9</ele>
      </trkpt>
      <trkpt lat="43.298794" lon="-2.335816">
        <ele>28.1</ele>
      </trkpt>
      <trkpt lat="43.298701" lon="-2.335921">
        <ele>28.9</ele>
      </trkpt>
      <trkpt lat="43.298671" lon="-2.335961">
        <ele>29.4</ele>
      </trkpt>
      <trkpt lat="43.298651" lon="-2.336007">
        <ele>30.2</ele>
      </trkpt>
      <trkpt lat="43.298604" lon="-2.336094">
        <ele>32.4</ele>
      </trkpt>
      <trkpt lat="43.298639" lon="-2.336143">
        <ele>34.5</ele>
      </trkpt>
      <trkpt lat="43.298712" lon="-2.33622">
        <ele>39.9</ele>
      </trkpt>
      <trkpt lat="43.298813" lon="-2.33631">
        <ele>47.5</ele>
      </trkpt>
      <trkpt lat="43.298906" lon="-2.336372">
        <ele>52.1</ele>
      </trkpt>
      <trkpt lat="43.299001" lon="-2.336408">
        <ele>53.8</ele>
      </trkpt>
      <trkpt lat="43.299139" lon="-2.336485">
        <ele>55.6</ele>
      </trkpt>
      <trkpt lat="43.299168" lon="-2.336523">
        <ele>56.6</ele>
      </trkpt>
      <trkpt lat="43.29918" lon="-2.336578">
        <ele>58.7</ele>
      </trkpt>
      <trkpt lat="43.299149" lon="-2.336623">
        <ele>61.4</ele>
      </trkpt>
      <trkpt lat="43.29903" lon="-2.336696">
        <ele>67.4</ele>
      </trkpt>
      <trkpt lat="43.298954" lon="-2.336758">
        <ele>71.3</ele>
      </trkpt>
      <trkpt lat="43.298887" lon="-2.336834">
        <ele>74.8</ele>
      </trkpt>
      <trkpt lat="43.298875" lon="-2.336881">
        <ele>76.6</ele>
      </trkpt>
      <trkpt lat="43.298882" lon="-2.33692">
        <ele>78.0</ele>
      </trkpt>
      <trkpt lat="43.298956" lon="-2.336949">
        <ele>79.1</ele>
      </trkpt>
      <trkpt lat="43.29907" lon="-2.33698">
        <ele>79.9</ele>
      </trkpt>
      <trkpt lat="43.299087" lon="-2.337004">
        <ele>80.9</ele>
      </trkpt>
      <trkpt lat="43.299079" lon="-2.33702">
        <ele>81.7</ele>
      </trkpt>
      <trkpt lat="43.299009" lon="-2.33704">
        <ele>83.0</ele>
      </trkpt>
      <trkpt lat="43.29901" lon="-2.337021">
        <ele>82.1</ele>
      </trkpt>
      <trkpt lat="43.298995" lon="-2.337021">
        <ele>82.1</ele>
      </trkpt>
      <trkpt lat="43.298995" lon="-2.33704">
        <ele>83.0</ele>
      </trkpt>
      <trkpt lat="43.299006" lon="-2.33704">
        <ele>83.0</ele>
      </trkpt>
      <trkpt lat="43.299006" lon="-2.337047">
        <ele>83.3</ele>
      </trkpt>
      <trkpt lat="43.299014" lon="-2.337227">
        <ele>90.8</ele>
      </trkpt>
      <trkpt lat="43.299015" lon="-2.337351">
        <ele>94.8</ele>
      </trkpt>
      <trkpt lat="43.298952" lon="-2.337465">
        <ele>97.0</ele>
      </trkpt>
      <trkpt lat="43.298883" lon="-2.337619">
        <ele>98.8</ele>
      </trkpt>
      <trkpt lat="43.298798" lon="-2.337745">
        <ele>99.4</ele>
      </trkpt>
      <trkpt lat="43.298753" lon="-2.337808">
        <ele>99.6</ele>
      </trkpt>
      <trkpt lat="43.298733" lon="-2.337935">
        <ele>100.8</ele>
      </trkpt>
      <trkpt lat="43.298678" lon="-2.338064">
        <ele>101.4</ele>
      </trkpt>
      <trkpt lat="43.298656" lon="-2.338205">
        <ele>103.1</ele>
      </trkpt>
      <trkpt lat="43.29865" lon="-2.338309">
        <ele>104.5</ele>
      </trkpt>
      <trkpt lat="43.298687" lon="-2.338413">
        <ele>107.0</ele>
      </trkpt>
      <trkpt lat="43.29875" lon="-2.338392">
        <ele>108.1</ele>
      </trkpt>
      <trkpt lat="43.298875" lon="-2.338324">
        <ele>109.6</ele>
      </trkpt>
      <trkpt lat="43.299017" lon="-2.338212">
        <ele>110.3</ele>
      </trkpt>
      <trkpt lat="43.299107" lon="-2.338135">
        <ele>110.5</ele>
      </trkpt>
      <trkpt lat="43.299199" lon="-2.33808">
        <ele>110.9</ele>
      </trkpt>
      <trkpt lat="43.299262" lon="-2.338072">
        <ele>111.7</ele>
      </trkpt>
      <trkpt lat="43.299327" lon="-2.338103">
        <ele>113.0</ele>
      </trkpt>
      <trkpt lat="43.299394" lon="-2.33819">
        <ele>114.9</ele>
      </trkpt>
      <trkpt lat="43.299403" lon="-2.338282">
        <ele>116.5</ele>
      </trkpt>
      <trkpt lat="43.299394" lon="-2.338401">
        <ele>118.7</ele>
      </trkpt>
      <trkpt lat="43.299397" lon="-2.338535">
        <ele>121.2</ele>
      </trkpt>
      <trkpt lat="43.2994" lon="-2.338583">
        <ele>122.0</ele>
      </trkpt>
      <trkpt lat="43.299404" lon="-2.338658">
        <ele>123.2</ele>
      </trkpt>
      <trkpt lat="43.299427" lon="-2.338742">
        <ele>124.3</ele>
      </trkpt>
      <trkpt lat="43.299445" lon="-2.338857">
        <ele>125.6</ele>
      </trkpt>
      <trkpt lat="43.299454" lon="-2.338961">
        <ele>126.5</ele>
      </trkpt>
      <trkpt lat="43.299431" lon="-2.339077">
        <ele>127.7</ele>
      </trkpt>
      <trkpt lat="43.29939" lon="-2.339195">
        <ele>128.7</ele>
      </trkpt>
      <trkpt lat="43.299317" lon="-2.339333">
        <ele>129.5</ele>
      </trkpt>
      <trkpt lat="43.29927" lon="-2.33944">
        <ele>130.0</ele>
      </trkpt>
      <trkpt lat="43.299217" lon="-2.339513">
        <ele>130.2</ele>
      </trkpt>
      <trkpt lat="43.299197" lon="-2.33958">
        <ele>130.7</ele>
      </trkpt>
      <trkpt lat="43.299197" lon="-2.33971">
        <ele>132.2</ele>
      </trkpt>
      <trkpt lat="43.299228" lon="-2.339883">
        <ele>135.0</ele>
      </trkpt>
      <trkpt lat="43.299288" lon="-2.340168">
        <ele>139.2</ele>
      </trkpt>
      <trkpt lat="43.299351" lon="-2.340344">
        <ele>141.0</ele>
      </trkpt>
      <trkpt lat="43.299396" lon="-2.340593">
        <ele>143.9</ele>
      </trkpt>
      <trkpt lat="43.299418" lon="-2.340868">
        <ele>146.5</ele>
      </trkpt>
      <trkpt lat="43.299417" lon="-2.340979">
        <ele>147.6</ele>
      </trkpt>
      <trkpt lat="43.299488" lon="-2.341165">
        <ele>149.5</ele>
      </trkpt>
      <trkpt lat="43.299513" lon="-2.341277">
        <ele>151.5</ele>
      </trkpt>
      <trkpt lat="43.299579" lon="-2.341514">
        <ele>154.8</ele>
      </trkpt>
      <trkpt lat="43.299628" lon="-2.341692">
        <ele>156.3</ele>
      </trkpt>
      <trkpt lat="43.299636" lon="-2.341781">
        <ele>157.1</ele>
      </trkpt>
      <trkpt lat="43.299637" lon="-2.341935">
        <ele>158.2</ele>
      </trkpt>
      <trkpt lat="43.299616" lon="-2.3421">
        <ele>159.1</ele>
      </trkpt>
      <trkpt lat="43.299575" lon="-2.342185">
        <ele>160.0</ele>
      </trkpt>
      <trkpt lat="43.299522" lon="-2.342242">
        <ele>161.3</ele>
      </trkpt>
      <trkpt lat="43.299395" lon="-2.342302">
        <ele>165.4</ele>
      </trkpt>
      <trkpt lat="43.29934" lon="-2.342371">
        <ele>168.2</ele>
      </trkpt>
      <trkpt lat="43.299234" lon="-2.342701">
        <ele>172.3</ele>
      </trkpt>
      <trkpt lat="43.299057" lon="-2.342982">
        <ele>175.7</ele>
      </trkpt>
      <trkpt lat="43.298903" lon="-2.343171">
        <ele>176.2</ele>
      </trkpt>
      <trkpt lat="43.29878" lon="-2.34329">
        <ele>176.2</ele>
      </trkpt>
      <trkpt lat="43.298649" lon="-2.34333">
        <ele>175.9</ele>
      </trkpt>
      <trkpt lat="43.298602" lon="-2.343311">
        <ele>176.5</ele>
      </trkpt>
      <trkpt lat="43.298567" lon="-2.343269">
        <ele>177.6</ele>
      </trkpt>
      <trkpt lat="43.298549" lon="-2.34322">
        <ele>178.8</ele>
      </trkpt>
      <trkpt lat="43.298542" lon="-2.343182">
        <ele>179.6</ele>
      </trkpt>
      <trkpt lat="43.298552" lon="-2.343065">
        <ele>181.4</ele>
      </trkpt>
      <trkpt lat="43.29858" lon="-2.342908">
        <ele>182.3</ele>
      </trkpt>
      <trkpt lat="43.298412" lon="-2.34303">
        <ele>182.1</ele>
      </trkpt>
      <trkpt lat="43.298259" lon="-2.343082">
        <ele>181.7</ele>
      </trkpt>
      <trkpt lat="43.298062" lon="-2.343127">
        <ele>180.8</ele>
      </trkpt>
      <trkpt lat="43.297971" lon="-2.343125">
        <ele>180.9</ele>
      </trkpt>
      <trkpt lat="43.297919" lon="-2.343074">
        <ele>181.0</ele>
      </trkpt>
      <trkpt lat="43.297782" lon="-2.342878">
        <ele>179.5</ele>
      </trkpt>
      <trkpt lat="43.29761" lon="-2.342688">
        <ele>176.0</ele>
      </trkpt>
      <trkpt lat="43.29748" lon="-2.342517">
        <ele>173.4</ele>
      </trkpt>
      <trkpt lat="43.297348" lon="-2.342453">
        <ele>173.1</ele>
      </trkpt>
      <trkpt lat="43.297246" lon="-2.342352">
        <ele>172.5</ele>
      </trkpt>
      <trkpt lat="43.297209" lon="-2.342292">
        <ele>172.1</ele>
      </trkpt>
      <trkpt lat="43.297065" lon="-2.34228">
        <ele>172.5</ele>
      </trkpt>
      <trkpt lat="43.296819" lon="-2.342188">
        <ele>170.9</ele>
      </trkpt>
      <trkpt lat="43.296574" lon="-2.342095">
        <ele>169.1</ele>
      </trkpt>
      <trkpt lat="43.296538" lon="-2.342102">
        <ele>169.0</ele>
      </trkpt>
      <trkpt lat="43.296311" lon="-2.342131">
        <ele>169.0</ele>
      </trkpt>
      <trkpt lat="43.296195" lon="-2.342108">
        <ele>168.8</ele>
      </trkpt>
      <trkpt lat="43.296046" lon="-2.342104">
        <ele>168.7</ele>
      </trkpt>
      <trkpt lat="43.295957" lon="-2.342178">
        <ele>169.5</ele>
      </trkpt>
      <trkpt lat="43.295879" lon="-2.34229">
        <ele>169.7</ele>
      </trkpt>
      <trkpt lat="43.29585" lon="-2.342308">
        <ele>169.4</ele>
      </trkpt>
      <trkpt lat="43.295728" lon="-2.342419">
        <ele>166.6</ele>
      </trkpt>
      <trkpt lat="43.295677" lon="-2.342441">
        <ele>165.4</ele>
      </trkpt>
      <trkpt lat="43.295645" lon="-2.342519">
        <ele>164.3</ele>
      </trkpt>
      <trkpt lat="43.295586" lon="-2.342639">
        <ele>162.9</ele>
      </trkpt>
      <trkpt lat="43.295503" lon="-2.342725">
        <ele>162.2</ele>
      </trkpt>
      <trkpt lat="43.295297" lon="-2.342838">
        <ele>161.6</ele>
      </trkpt>
      <trkpt lat="43.295117" lon="-2.343009">
        <ele>159.0</ele>
      </trkpt>
      <trkpt lat="43.295013" lon="-2.343115">
        <ele>157.2</ele>
      </trkpt>
      <trkpt lat="43.294973" lon="-2.34318">
        <ele>156.3</ele>
      </trkpt>
      <trkpt lat="43.294911" lon="-2.343317">
        <ele>154.9</ele>
      </trkpt>
      <trkpt lat="43.294811" lon="-2.34371">
        <ele>153.9</ele>
      </trkpt>
      <trkpt lat="43.294719" lon="-2.343998">
        <ele>153.6</ele>
      </trkpt>
      <trkpt lat="43.294629" lon="-2.34423">
        <ele>152.3</ele>
      </trkpt>
      <trkpt lat="43.294502" lon="-2.344463">
        <ele>152.0</ele>
      </trkpt>
      <trkpt lat="43.294385" lon="-2.344536">
        <ele>152.9</ele>
      </trkpt>
      <trkpt lat="43.294235" lon="-2.34459">
        <ele>154.2</ele>
      </trkpt>
      <trkpt lat="43.294101" lon="-2.344587">
        <ele>155.2</ele>
      </trkpt>
      <trkpt lat="43.294026" lon="-2.344614">
        <ele>155.5</ele>
      </trkpt>
      <trkpt lat="43.293959" lon="-2.344689">
        <ele>155.6</ele>
      </trkpt>
      <trkpt lat="43.293827" lon="-2.344929">
        <ele>155.9</ele>
      </trkpt>
      <trkpt lat="43.29375" lon="-2.345035">
        <ele>156.3</ele>
      </trkpt>
      <trkpt lat="43.29359" lon="-2.345213">
        <ele>156.8</ele>
      </trkpt>
      <trkpt lat="43.293514" lon="-2.345396">
        <ele>155.7</ele>
      </trkpt>
      <trkpt lat="43.29349" lon="-2.345521">
        <ele>154.6</ele>
      </trkpt>
      <trkpt lat="43.293483" lon="-2.34571">
        <ele>153.0</ele>
      </trkpt>
      <trkpt lat="43.293505" lon="-2.346085">
        <ele>148.8</ele>
      </trkpt>
      <trkpt lat="43.293489" lon="-2.346443">
        <ele>144.7</ele>
      </trkpt>
      <trkpt lat="43.293479" lon="-2.346544">
        <ele>143.5</ele>
      </trkpt>
      <trkpt lat="43.293471" lon="-2.34661">
        <ele>142.7</ele>
      </trkpt>
      <trkpt lat="43.293462" lon="-2.346673">
        <ele>141.8</ele>
      </trkpt>
      <trkpt lat="43.293447" lon="-2.346727">
        <ele>140.9</ele>
      </trkpt>
      <trkpt lat="43.293402" lon="-2.346785">
        <ele>140.2</ele>
      </trkpt>
      <trkpt lat="43.293255" lon="-2.346842">
        <ele>140.4</ele>
      </trkpt>
      <trkpt lat="43.293095" lon="-2.346955">
        <ele>140.4</ele>
      </trkpt>
      <trkpt lat="43.293024" lon="-2.347106">
        <ele>140.8</ele>
      </trkpt>
      <trkpt lat="43.292994" lon="-2.347401">
        <ele>139.6</ele>
      </trkpt>
      <trkpt lat="43.293013" lon="-2.347607">
        <ele>138.7</ele>
      </trkpt>
      <trkpt lat="43.293028" lon="-2.347732">
        <ele>138.6</ele>
      </trkpt>
      <trkpt lat="43.293005" lon="-2.347889">
        <ele>137.8</ele>
      </trkpt>
      <trkpt lat="43.29296" lon="-2.348129">
        <ele>135.5</ele>
      </trkpt>
      <trkpt lat="43.292954" lon="-2.348228">
        <ele>134.0</ele>
      </trkpt>
      <trkpt lat="43.292899" lon="-2.348379">
        <ele>131.5</ele>
      </trkpt>
      <trkpt lat="43.292785" lon="-2.34852">
        <ele>128.9</ele>
      </trkpt>
      <trkpt lat="43.292626" lon="-2.34863">
        <ele>127.3</ele>
      </trkpt>
      <trkpt lat="43.292343" lon="-2.34875">
        <ele>126.6</ele>
      </trkpt>
      <trkpt lat="43.292151" lon="-2.348893">
        <ele>125.2</ele>
      </trkpt>
      <trkpt lat="43.292016" lon="-2.349002">
        <ele>124.0</ele>
      </trkpt>
      <trkpt lat="43.291887" lon="-2.349021">
        <ele>124.1</ele>
      </trkpt>
      <trkpt lat="43.291674" lon="-2.349008">
        <ele>124.1</ele>
      </trkpt>
      <trkpt lat="43.291593" lon="-2.349239">
        <ele>121.7</ele>
      </trkpt>
      <trkpt lat="43.291591" lon="-2.34929">
        <ele>121.0</ele>
      </trkpt>
      <trkpt lat="43.291595" lon="-2.349356">
        <ele>120.1</ele>
      </trkpt>
      <trkpt lat="43.2916" lon="-2.349448">
        <ele>118.8</ele>
      </trkpt>
      <trkpt lat="43.291597" lon="-2.349663">
        <ele>115.8</ele>
      </trkpt>
      <trkpt lat="43.291597" lon="-2.349799">
        <ele>113.8</ele>
      </trkpt>
      <trkpt lat="43.291532" lon="-2.350351">
        <ele>105.1</ele>
      </trkpt>
      <trkpt lat="43.291544" lon="-2.350479">
        <ele>103.0</ele>
      </trkpt>
      <trkpt lat="43.291553" lon="-2.35058">
        <ele>101.1</ele>
      </trkpt>
      <trkpt lat="43.291579" lon="-2.3507">
        <ele>98.8</ele>
      </trkpt>
      <trkpt lat="43.291633" lon="-2.350848">
        <ele>95.6</ele>
      </trkpt>
      <trkpt lat="43.291686" lon="-2.350958">
        <ele>93.3</ele>
      </trkpt>
      <trkpt lat="43.291898" lon="-2.351328">
        <ele>84.6</ele>
      </trkpt>
      <trkpt lat="43.292014" lon="-2.351424">
        <ele>81.8</ele>
      </trkpt>
      <trkpt lat="43.292114" lon="-2.351559">
        <ele>78.6</ele>
      </trkpt>
      <trkpt lat="43.292381" lon="-2.351961">
        <ele>72.8</ele>
      </trkpt>
      <trkpt lat="43.292554" lon="-2.352253">
        <ele>67.7</ele>
      </trkpt>
      <trkpt lat="43.29272" lon="-2.352551">
        <ele>59.6</ele>
      </trkpt>
      <trkpt lat="43.292875" lon="-2.35272">
        <ele>54.6</ele>
      </trkpt>
      <trkpt lat="43.292949" lon="-2.352815">
        <ele>51.2</ele>
      </trkpt>
      <trkpt lat="43.292955" lon="-2.352825">
        <ele>50.8</ele>
      </trkpt>
      <trkpt lat="43.293058" lon="-2.352995">
        <ele>43.6</ele>
      </trkpt>
      <trkpt lat="43.293148" lon="-2.353137">
        <ele>37.0</ele>
      </trkpt>
      <trkpt lat="43.292946" lon="-2.353373">
        <ele>35.8</ele>
      </trkpt>
      <trkpt lat="43.292744" lon="-2.353609">
        <ele>36.3</ele>
      </trkpt>
      <trkpt lat="43.292765" lon="-2.353655">
        <ele>34.2</ele>
      </trkpt>
      <trkpt lat="43.292841" lon="-2.353819">
        <ele>27.3</ele>
      </trkpt>
      <trkpt lat="43.292893" lon="-2.353977">
        <ele>22.3</ele>
      </trkpt>
      <trkpt lat="43.292922" lon="-2.354049">
        <ele>20.1</ele>
      </trkpt>
      <trkpt lat="43.292958" lon="-2.354124">
        <ele>17.7</ele>
      </trkpt>
      <trkpt lat="43.293005" lon="-2.354168">
        <ele>15.8</ele>
      </trkpt>
      <trkpt lat="43.293031" lon="-2.354171">
        <ele>15.3</ele>
      </trkpt>
      <trkpt lat="43.293358" lon="-2.354016">
        <ele>13.6</ele>
      </trkpt>
      <trkpt lat="43.293685" lon="-2.35386">
        <ele>13.0</ele>
      </trkpt>
      <trkpt lat="43.29379" lon="-2.353832">
        <ele>13.1</ele>
      </trkpt>
      <trkpt lat="43.293865" lon="-2.353768">
        <ele>13.3</ele>
      </trkpt>
      <trkpt lat="43.293973" lon="-2.353715">
        <ele>13.4</ele>
      </trkpt>
      <trkpt lat="43.293979" lon="-2.353742">
        <ele>13.4</ele>
      </trkpt>
      <trkpt lat="43.294074" lon="-2.354153">
        <ele>14.3</ele>
      </trkpt>
      <trkpt lat="43.294195" lon="-2.354107">
        <ele>14.9</ele>
      </trkpt>
      <trkpt lat="43.294227" lon="-2.354259">
        <ele>14.7</ele>
      </trkpt>
      <trkpt lat="43.294305" lon="-2.354561">
        <ele>13.2</ele>
      </trkpt>
      <trkpt lat="43.294405" lon="-2.355026">
        <ele>9.6</ele>
      </trkpt>
      <trkpt lat="43.294431" lon="-2.355151">
        <ele>8.3</ele>
      </trkpt>
      <trkpt lat="43.29438" lon="-2.355168">
        <ele>7.9</ele>
      </trkpt>
      <trkpt lat="43.294391" lon="-2.355224">
        <ele>7.3</ele>
      </trkpt>
      <trkpt lat="43.294404" lon="-2.355303">
        <ele>6.6</ele>
      </trkpt>
      <trkpt lat="43.294301" lon="-2.355376">
        <ele>5.6</ele>
      </trkpt>
      <trkpt lat="43.294302" lon="-2.355407">
        <ele>5.4</ele>
      </trkpt>
      <trkpt lat="43.294302" lon="-2.355415">
        <ele>5.4</ele>
      </trkpt>
      <trkpt lat="43.294303" lon="-2.355459">
        <ele>5.1</ele>
      </trkpt>
      <trkpt lat="43.294306" lon="-2.355488">
        <ele>4.9</ele>
      </trkpt>
      <trkpt lat="43.294311" lon="-2.355527">
        <ele>4.7</ele>
      </trkpt>
      <trkpt lat="43.294324" lon="-2.355641">
        <ele>4.2</ele>
      </trkpt>
      <trkpt lat="43.294293" lon="-2.355646">
        <ele>4.1</ele>
      </trkpt>
      <trkpt lat="43.294292" lon="-2.355719">
        <ele>3.8</ele>
      </trkpt>
      <trkpt lat="43.294243" lon="-2.355739">
        <ele>3.6</ele>
      </trkpt>
      <trkpt lat="43.294047" lon="-2.355764">
        <ele>2.8</ele>
      </trkpt>
      <trkpt lat="43.293928" lon="-2.355782">
        <ele>2.3</ele>
      </trkpt>
      <trkpt lat="43.293754" lon="-2.355806">
        <ele>2.1</ele>
      </trkpt>
      <trkpt lat="43.293745" lon="-2.35587">
        <ele>1.6</ele>
      </trkpt>
      <trkpt lat="43.293471" lon="-2.355886">
        <ele>1.9</ele>
      </trkpt>
      <trkpt lat="43.293272" lon="-2.355906">
        <ele>2.5</ele>
      </trkpt>
      <trkpt lat="43.293117" lon="-2.355935">
        <ele>2.8</ele>
      </trkpt>
      <trkpt lat="43.29294" lon="-2.355999">
        <ele>3.4</ele>
      </trkpt>
      <trkpt lat="43.292768" lon="-2.356104">
        <ele>3.1</ele>
      </trkpt>
      <trkpt lat="43.292558" lon="-2.356258">
        <ele>3.2</ele>
      </trkpt>
      <trkpt lat="43.292664" lon="-2.356628">
        <ele>1.2</ele>
      </trkpt>
      <trkpt lat="43.292788" lon="-2.357025">
        <ele>3.2</ele>
      </trkpt>
      <trkpt lat="43.292912" lon="-2.357422">
        <ele>6.7</ele>
      </trkpt>
      <trkpt lat="43.292917" lon="-2.357438">
        <ele>7.1</ele>
      </trkpt>
      <trkpt lat="43.29294" lon="-2.357461">
        <ele>7.6</ele>
      </trkpt>
      <trkpt lat="43.293017" lon="-2.357511">
        <ele>9.2</ele>
      </trkpt>
      <trkpt lat="43.293128" lon="-2.357548">
        <ele>11.1</ele>
      </trkpt>
      <trkpt lat="43.2933" lon="-2.357555">
        <ele>13.2</ele>
      </trkpt>
      <trkpt lat="43.293378" lon="-2.357566">
        <ele>14.2</ele>
      </trkpt>
      <trkpt lat="43.293486" lon="-2.357506">
        <ele>13.5</ele>
      </trkpt>
      <trkpt lat="43.293637" lon="-2.357458">
        <ele>13.0</ele>
      </trkpt>
      <trkpt lat="43.293709" lon="-2.357424">
        <ele>12.2</ele>
      </trkpt>
      <trkpt lat="43.29393" lon="-2.35726">
        <ele>8.2</ele>
      </trkpt>
      <trkpt lat="43.293944" lon="-2.357303">
        <ele>8.7</ele>
      </trkpt>
      <trkpt lat="43.293961" lon="-2.357349">
        <ele>9.2</ele>
      </trkpt>
      <trkpt lat="43.294263" lon="-2.357117">
        <ele>6.3</ele>
      </trkpt>
      <trkpt lat="43.294327" lon="-2.357101">
        <ele>6.8</ele>
      </trkpt>
      <trkpt lat="43.294415" lon="-2.35704">
        <ele>7.3</ele>
      </trkpt>
      <trkpt lat="43.294532" lon="-2.356957">
        <ele>7.6</ele>
      </trkpt>
      <trkpt lat="43.294525" lon="-2.357019">
        <ele>8.1</ele>
      </trkpt>
      <trkpt lat="43.294492" lon="-2.357114">
        <ele>8.7</ele>
      </trkpt>
      <trkpt lat="43.294452" lon="-2.357245">
        <ele>9.3</ele>
      </trkpt>
      <trkpt lat="43.294462" lon="-2.357365">
        <ele>10.7</ele>
      </trkpt>
      <trkpt lat="43.294485" lon="-2.357583">
        <ele>15.0</ele>
      </trkpt>
      <trkpt lat="43.294494" lon="-2.357734">
        <ele>18.6</ele>
      </trkpt>
      <trkpt lat="43.294494" lon="-2.357916">
        <ele>21.8</ele>
      </trkpt>
      <trkpt lat="43.294536" lon="-2.358069">
        <ele>24.8</ele>
      </trkpt>
      <trkpt lat="43.294635" lon="-2.358249">
        <ele>28.1</ele>
      </trkpt>
      <trkpt lat="43.294732" lon="-2.358406">
        <ele>30.5</ele>
      </trkpt>
      <trkpt lat="43.294779" lon="-2.358469">
        <ele>31.8</ele>
      </trkpt>
      <trkpt lat="43.294817" lon="-2.35857">
        <ele>33.4</ele>
      </trkpt>
      <trkpt lat="43.294856" lon="-2.358666">
        <ele>35.0</ele>
      </trkpt>
      <trkpt lat="43.294885" lon="-2.358703">
        <ele>35.9</ele>
      </trkpt>
      <trkpt lat="43.294943" lon="-2.358774">
        <ele>37.8</ele>
      </trkpt>
      <trkpt lat="43.295034" lon="-2.358823">
        <ele>40.0</ele>
      </trkpt>
      <trkpt lat="43.295156" lon="-2.358832">
        <ele>42.5</ele>
      </trkpt>
      <trkpt lat="43.295238" lon="-2.35885">
        <ele>44.1</ele>
      </trkpt>
      <trkpt lat="43.295288" lon="-2.35887">
        <ele>45.1</ele>
      </trkpt>
      <trkpt lat="43.295421" lon="-2.359028">
        <ele>48.8</ele>
      </trkpt>
      <trkpt lat="43.295439" lon="-2.359048">
        <ele>49.3</ele>
      </trkpt>
      <trkpt lat="43.295404" lon="-2.359118">
        <ele>49.7</ele>
      </trkpt>
      <trkpt lat="43.295294" lon="-2.359183">
        <ele>49.5</ele>
      </trkpt>
      <trkpt lat="43.295152" lon="-2.35925">
        <ele>48.7</ele>
      </trkpt>
      <trkpt lat="43.295115" lon="-2.359334">
        <ele>50.1</ele>
      </trkpt>
      <trkpt lat="43.295123" lon="-2.359396">
        <ele>51.8</ele>
      </trkpt>
      <trkpt lat="43.295169" lon="-2.359462">
        <ele>54.0</ele>
      </trkpt>
      <trkpt lat="43.29526" lon="-2.35951">
        <ele>55.9</ele>
      </trkpt>
      <trkpt lat="43.295319" lon="-2.359555">
        <ele>57.0</ele>
      </trkpt>
      <trkpt lat="43.295376" lon="-2.359654">
        <ele>58.4</ele>
      </trkpt>
      <trkpt lat="43.295413" lon="-2.35981">
        <ele>59.8</ele>
      </trkpt>
      <trkpt lat="43.295428" lon="-2.359977">
        <ele>60.8</ele>
      </trkpt>
      <trkpt lat="43.295445" lon="-2.360106">
        <ele>61.7</ele>
      </trkpt>
      <trkpt lat="43.295471" lon="-2.360229">
        <ele>62.6</ele>
      </trkpt>
      <trkpt lat="43.295499" lon="-2.360336">
        <ele>63.4</ele>
      </trkpt>
      <trkpt lat="43.295548" lon="-2.360454">
        <ele>64.6</ele>
      </trkpt>
      <trkpt lat="43.295588" lon="-2.360592">
        <ele>66.1</ele>
      </trkpt>
      <trkpt lat="43.295607" lon="-2.360739">
        <ele>67.8</ele>
      </trkpt>
      <trkpt lat="43.29561" lon="-2.360809">
        <ele>68.8</ele>
      </trkpt>
      <trkpt lat="43.295621" lon="-2.36104">
        <ele>72.7</ele>
      </trkpt>
      <trkpt lat="43.295649" lon="-2.361223">
        <ele>74.8</ele>
      </trkpt>
      <trkpt lat="43.295634" lon="-2.361355">
        <ele>76.8</ele>
      </trkpt>
      <trkpt lat="43.29561" lon="-2.361439">
        <ele>78.7</ele>
      </trkpt>
      <trkpt lat="43.295481" lon="-2.361448">
        <ele>81.7</ele>
      </trkpt>
      <trkpt lat="43.295402" lon="-2.361481">
        <ele>84.3</ele>
      </trkpt>
      <trkpt lat="43.295239" lon="-2.361532">
        <ele>88.7</ele>
      </trkpt>
      <trkpt lat="43.295105" lon="-2.361534">
        <ele>89.9</ele>
      </trkpt>
      <trkpt lat="43.294986" lon="-2.36151">
        <ele>89.7</ele>
      </trkpt>
      <trkpt lat="43.294854" lon="-2.361493">
        <ele>89.3</ele>
      </trkpt>
      <trkpt lat="43.294707" lon="-2.361426">
        <ele>88.3</ele>
      </trkpt>
      <trkpt lat="43.294609" lon="-2.361395">
        <ele>88.0</ele>
      </trkpt>
      <trkpt lat="43.294533" lon="-2.361391">
        <ele>87.8</ele>
      </trkpt>
      <trkpt lat="43.294491" lon="-2.36144">
        <ele>87.4</ele>
      </trkpt>
      <trkpt lat="43.2945" lon="-2.361481">
        <ele>87.3</ele>
      </trkpt>
      <trkpt lat="43.29454" lon="-2.361521">
        <ele>87.7</ele>
      </trkpt>
      <trkpt lat="43.294626" lon="-2.361569">
        <ele>88.5</ele>
      </trkpt>
      <trkpt lat="43.294713" lon="-2.361661">
        <ele>89.8</ele>
      </trkpt>
      <trkpt lat="43.294773" lon="-2.361753">
        <ele>91.5</ele>
      </trkpt>
      <trkpt lat="43.29487" lon="-2.361849">
        <ele>94.3</ele>
      </trkpt>
      <trkpt lat="43.294995" lon="-2.361979">
        <ele>97.2</ele>
      </trkpt>
      <trkpt lat="43.295063" lon="-2.362077">
        <ele>98.3</ele>
      </trkpt>
      <trkpt lat="43.295165" lon="-2.362316">
        <ele>99.8</ele>
      </trkpt>
      <trkpt lat="43.295189" lon="-2.362372">
        <ele>100.0</ele>
      </trkpt>
      <trkpt lat="43.295277" lon="-2.362605">
        <ele>101.5</ele>
      </trkpt>
      <trkpt lat="43.295309" lon="-2.362821">
        <ele>102.3</ele>
      </trkpt>
      <trkpt lat="43.295355" lon="-2.362988">
        <ele>102.7</ele>
      </trkpt>
      <trkpt lat="43.295375" lon="-2.363096">
        <ele>103.0</ele>
      </trkpt>
      <trkpt lat="43.295464" lon="-2.363396">
        <ele>104.2</ele>
      </trkpt>
      <trkpt lat="43.295508" lon="-2.363616">
        <ele>105.1</ele>
      </trkpt>
      <trkpt lat="43.295544" lon="-2.363812">
        <ele>105.7</ele>
      </trkpt>
      <trkpt lat="43.295601" lon="-2.363986">
        <ele>107.2</ele>
      </trkpt>
      <trkpt lat="43.295617" lon="-2.364008">
        <ele>107.6</ele>
      </trkpt>
      <trkpt lat="43.295759" lon="-2.364068">
        <ele>110.0</ele>
      </trkpt>
      <trkpt lat="43.295889" lon="-2.36415">
        <ele>113.0</ele>
      </trkpt>
      <trkpt lat="43.29604" lon="-2.3642">
        <ele>117.1</ele>
      </trkpt>
      <trkpt lat="43.296141" lon="-2.364164">
        <ele>118.6</ele>
      </trkpt>
      <trkpt lat="43.296245" lon="-2.364083">
        <ele>118.6</ele>
      </trkpt>
      <trkpt lat="43.296433" lon="-2.363919">
        <ele>121.2</ele>
      </trkpt>
      <trkpt lat="43.296652" lon="-2.363671">
        <ele>123.8</ele>
      </trkpt>
      <trkpt lat="43.296861" lon="-2.363476">
        <ele>130.2</ele>
      </trkpt>
      <trkpt lat="43.297102" lon="-2.363289">
        <ele>135.9</ele>
      </trkpt>
      <trkpt lat="43.297381" lon="-2.363139">
        <ele>140.6</ele>
      </trkpt>
      <trkpt lat="43.297504" lon="-2.363148">
        <ele>143.2</ele>
      </trkpt>
      <trkpt lat="43.297674" lon="-2.363243">
        <ele>145.6</ele>
      </trkpt>
      <trkpt lat="43.297796" lon="-2.363297">
        <ele>146.1</ele>
      </trkpt>
      <trkpt lat="43.297909" lon="-2.363383">
        <ele>146.3</ele>
      </trkpt>
      <trkpt lat="43.298115" lon="-2.363673">
        <ele>151.2</ele>
      </trkpt>
      <trkpt lat="43.29833" lon="-2.363687">
        <ele>152.3</ele>
      </trkpt>
      <trkpt lat="43.298474" lon="-2.363666">
        <ele>155.1</ele>
      </trkpt>
      <trkpt lat="43.29858" lon="-2.363587">
        <ele>156.9</ele>
      </trkpt>
      <trkpt lat="43.2987" lon="-2.363421">
        <ele>158.1</ele>
      </trkpt>
      <trkpt lat="43.29874" lon="-2.363317">
        <ele>158.0</ele>
      </trkpt>
      <trkpt lat="43.298751" lon="-2.363063">
        <ele>155.6</ele>
      </trkpt>
      <trkpt lat="43.298774" lon="-2.362855">
        <ele>153.9</ele>
      </trkpt>
      <trkpt lat="43.298787" lon="-2.362699">
        <ele>153.2</ele>
      </trkpt>
      <trkpt lat="43.298772" lon="-2.362479">
        <ele>152.6</ele>
      </trkpt>
      <trkpt lat="43.298751" lon="-2.36223">
        <ele>152.6</ele>
      </trkpt>
      <trkpt lat="43.298753" lon="-2.362075">
        <ele>152.8</ele>
      </trkpt>
      <trkpt lat="43.298784" lon="-2.362026">
        <ele>153.7</ele>
      </trkpt>
      <trkpt lat="43.298913" lon="-2.362017">
        <ele>157.4</ele>
      </trkpt>
      <trkpt lat="43.298961" lon="-2.362085">
        <ele>158.7</ele>
      </trkpt>
      <trkpt lat="43.299023" lon="-2.362144">
        <ele>160.5</ele>
      </trkpt>
      <trkpt lat="43.299156" lon="-2.362232">
        <ele>164.7</ele>
      </trkpt>
      <trkpt lat="43.29949" lon="-2.362423">
        <ele>173.6</ele>
      </trkpt>
      <trkpt lat="43.299607" lon="-2.362516">
        <ele>174.8</ele>
      </trkpt>
      <trkpt lat="43.299685" lon="-2.362632">
        <ele>175.3</ele>
      </trkpt>
      <trkpt lat="43.299761" lon="-2.362736">
        <ele>175.9</ele>
      </trkpt>
      <trkpt lat="43.29987" lon="-2.362886">
        <ele>176.6</ele>
      </trkpt>
      <trkpt lat="43.299908" lon="-2.362939">
        <ele>176.7</ele>
      </trkpt>
      <trkpt lat="43.300025" lon="-2.363149">
        <ele>178.0</ele>
      </trkpt>
      <trkpt lat="43.300089" lon="-2.363276">
        <ele>179.5</ele>
      </trkpt>
      <trkpt lat="43.300132" lon="-2.363328">
        <ele>179.7</ele>
      </trkpt>
      <trkpt lat="43.300226" lon="-2.363402">
        <ele>179.3</ele>
      </trkpt>
      <trkpt lat="43.300355" lon="-2.363493">
        <ele>178.4</ele>
      </trkpt>
      <trkpt lat="43.300404" lon="-2.363585">
        <ele>178.1</ele>
      </trkpt>
      <trkpt lat="43.300417" lon="-2.363698">
        <ele>177.9</ele>
      </trkpt>
      <trkpt lat="43.30038" lon="-2.363816">
        <ele>178.1</ele>
      </trkpt>
      <trkpt lat="43.300324" lon="-2.363998">
        <ele>178.3</ele>
      </trkpt>
      <trkpt lat="43.300323" lon="-2.364098">
        <ele>177.5</ele>
      </trkpt>
      <trkpt lat="43.300349" lon="-2.364247">
        <ele>175.5</ele>
      </trkpt>
      <trkpt lat="43.300421" lon="-2.364445">
        <ele>172.4</ele>
      </trkpt>
      <trkpt lat="43.300579" lon="-2.364759">
        <ele>168.6</ele>
      </trkpt>
      <trkpt lat="43.300674" lon="-2.364984">
        <ele>166.9</ele>
      </trkpt>
      <trkpt lat="43.300644" lon="-2.365072">
        <ele>166.6</ele>
      </trkpt>
      <trkpt lat="43.300634" lon="-2.365379">
        <ele>163.5</ele>
      </trkpt>
      <trkpt lat="43.300613" lon="-2.365791">
        <ele>158.2</ele>
      </trkpt>
      <trkpt lat="43.30061" lon="-2.366216">
        <ele>154.7</ele>
      </trkpt>
      <trkpt lat="43.300607" lon="-2.366641">
        <ele>155.0</ele>
      </trkpt>
      <trkpt lat="43.300615" lon="-2.366998">
        <ele>153.5</ele>
      </trkpt>
      <trkpt lat="43.300599" lon="-2.367265">
        <ele>153.0</ele>
      </trkpt>
      <trkpt lat="43.30057" lon="-2.367504">
        <ele>153.6</ele>
      </trkpt>
      <trkpt lat="43.300597" lon="-2.367697">
        <ele>153.3</ele>
      </trkpt>
      <trkpt lat="43.300794" lon="-2.368234">
        <ele>152.7</ele>
      </trkpt>
      <trkpt lat="43.300885" lon="-2.368502">
        <ele>150.1</ele>
      </trkpt>
      <trkpt lat="43.300987" lon="-2.368708">
        <ele>147.4</ele>
      </trkpt>
      <trkpt lat="43.301139" lon="-2.369032">
        <ele>143.7</ele>
      </trkpt>
      <trkpt lat="43.301293" lon="-2.369256">
        <ele>142.2</ele>
      </trkpt>
      <trkpt lat="43.301404" lon="-2.369431">
        <ele>141.6</ele>
      </trkpt>
      <trkpt lat="43.301491" lon="-2.369668">
        <ele>139.2</ele>
      </trkpt>
      <trkpt lat="43.301708" lon="-2.370192">
        <ele>135.1</ele>
      </trkpt>
      <trkpt lat="43.301806" lon="-2.3704">
        <ele>134.1</ele>
      </trkpt>
      <trkpt lat="43.30184" lon="-2.370475">
        <ele>133.9</ele>
      </trkpt>
      <trkpt lat="43.301929" lon="-2.370609">
        <ele>132.9</ele>
      </trkpt>
      <trkpt lat="43.302046" lon="-2.370698">
        <ele>131.7</ele>
      </trkpt>
      <trkpt lat="43.302205" lon="-2.37079">
        <ele>130.1</ele>
      </trkpt>
      <trkpt lat="43.302418" lon="-2.370952">
        <ele>127.6</ele>
      </trkpt>
      <trkpt lat="43.302515" lon="-2.371022">
        <ele>127.4</ele>
      </trkpt>
      <trkpt lat="43.302499" lon="-2.371167">
        <ele>128.3</ele>
      </trkpt>
      <trkpt lat="43.302468" lon="-2.371694">
        <ele>131.6</ele>
      </trkpt>
      <trkpt lat="43.302514" lon="-2.37198">
        <ele>133.0</ele>
      </trkpt>
      <trkpt lat="43.302596" lon="-2.372257">
        <ele>133.4</ele>
      </trkpt>
      <trkpt lat="43.302786" lon="-2.372736">
        <ele>132.9</ele>
      </trkpt>
      <trkpt lat="43.302962" lon="-2.373173">
        <ele>133.0</ele>
      </trkpt>
      <trkpt lat="43.303112" lon="-2.373399">
        <ele>133.3</ele>
      </trkpt>
      <trkpt lat="43.303353" lon="-2.373562">
        <ele>134.3</ele>
      </trkpt>
      <trkpt lat="43.30345" lon="-2.373707">
        <ele>135.8</ele>
      </trkpt>
      <trkpt lat="43.30352" lon="-2.374077">
        <ele>139.5</ele>
      </trkpt>
      <trkpt lat="43.303566" lon="-2.374338">
        <ele>141.5</ele>
      </trkpt>
      <trkpt lat="43.303588" lon="-2.374589">
        <ele>143.1</ele>
      </trkpt>
      <trkpt lat="43.303665" lon="-2.374878">
        <ele>145.1</ele>
      </trkpt>
      <trkpt lat="43.303824" lon="-2.375215">
        <ele>147.6</ele>
      </trkpt>
      <trkpt lat="43.303926" lon="-2.375413">
        <ele>148.5</ele>
      </trkpt>
      <trkpt lat="43.303998" lon="-2.375667">
        <ele>149.2</ele>
      </trkpt>
      <trkpt lat="43.304048" lon="-2.37572">
        <ele>149.2</ele>
      </trkpt>
      <trkpt lat="43.304152" lon="-2.375818">
        <ele>149.0</ele>
      </trkpt>
      <trkpt lat="43.304316" lon="-2.375964">
        <ele>148.1</ele>
      </trkpt>
      <trkpt lat="43.304334" lon="-2.37615">
        <ele>148.6</ele>
      </trkpt>
      <trkpt lat="43.304345" lon="-2.376358">
        <ele>148.6</ele>
      </trkpt>
      <trkpt lat="43.304347" lon="-2.37652">
        <ele>148.0</ele>
      </trkpt>
      <trkpt lat="43.304339" lon="-2.376678">
        <ele>146.8</ele>
      </trkpt>
      <trkpt lat="43.304312" lon="-2.376759">
        <ele>146.1</ele>
      </trkpt>
      <trkpt lat="43.304287" lon="-2.376916">
        <ele>144.0</ele>
      </trkpt>
      <trkpt lat="43.304216" lon="-2.377196">
        <ele>144.8</ele>
      </trkpt>
      <trkpt lat="43.304194" lon="-2.377476">
        <ele>143.6</ele>
      </trkpt>
      <trkpt lat="43.304156" lon="-2.377711">
        <ele>140.0</ele>
      </trkpt>
      <trkpt lat="43.304174" lon="-2.377844">
        <ele>135.9</ele>
      </trkpt>
      <trkpt lat="43.304177" lon="-2.377865">
        <ele>135.2</ele>
      </trkpt>
      <trkpt lat="43.304187" lon="-2.377943">
        <ele>132.5</ele>
      </trkpt>
      <trkpt lat="43.304219" lon="-2.378106">
        <ele>127.4</ele>
      </trkpt>
      <trkpt lat="43.304242" lon="-2.37822">
        <ele>124.8</ele>
      </trkpt>
      <trkpt lat="43.304246" lon="-2.378389">
        <ele>121.7</ele>
      </trkpt>
      <trkpt lat="43.304245" lon="-2.37861">
        <ele>117.3</ele>
      </trkpt>
      <trkpt lat="43.304249" lon="-2.378742">
        <ele>114.6</ele>
      </trkpt>
      <trkpt lat="43.304237" lon="-2.378928">
        <ele>111.2</ele>
      </trkpt>
      <trkpt lat="43.304181" lon="-2.379099">
        <ele>108.9</ele>
      </trkpt>
      <trkpt lat="43.304043" lon="-2.379258">
        <ele>108.9</ele>
      </trkpt>
      <trkpt lat="43.303924" lon="-2.379436">
        <ele>109.2</ele>
      </trkpt>
      <trkpt lat="43.303916" lon="-2.379624">
        <ele>107.0</ele>
      </trkpt>
      <trkpt lat="43.303982" lon="-2.379705">
        <ele>104.7</ele>
      </trkpt>
      <trkpt lat="43.304091" lon="-2.379783">
        <ele>102.3</ele>
      </trkpt>
      <trkpt lat="43.304248" lon="-2.379957">
        <ele>100.4</ele>
      </trkpt>
      <trkpt lat="43.304325" lon="-2.380036">
        <ele>99.9</ele>
      </trkpt>
      <trkpt lat="43.304413" lon="-2.38007">
        <ele>98.8</ele>
      </trkpt>
      <trkpt lat="43.304518" lon="-2.380129">
        <ele>97.1</ele>
      </trkpt>
      <trkpt lat="43.304614" lon="-2.380215">
        <ele>95.7</ele>
      </trkpt>
      <trkpt lat="43.304656" lon="-2.380302">
        <ele>95.7</ele>
      </trkpt>
      <trkpt lat="43.304751" lon="-2.38033">
        <ele>94.0</ele>
      </trkpt>
      <trkpt lat="43.305133" lon="-2.380536">
        <ele>91.3</ele>
      </trkpt>
      <trkpt lat="43.305516" lon="-2.380741">
        <ele>86.2</ele>
      </trkpt>
      <trkpt lat="43.305561" lon="-2.380763">
        <ele>85.2</ele>
      </trkpt>
      <trkpt lat="43.305642" lon="-2.380823">
        <ele>83.6</ele>
      </trkpt>
      <trkpt lat="43.305806" lon="-2.380945">
        <ele>80.5</ele>
      </trkpt>
      <trkpt lat="43.30588" lon="-2.381005">
        <ele>79.0</ele>
      </trkpt>
      <trkpt lat="43.305934" lon="-2.38105">
        <ele>77.8</ele>
      </trkpt>
      <trkpt lat="43.305998" lon="-2.3811">
        <ele>76.1</ele>
      </trkpt>
      <trkpt lat="43.30606" lon="-2.381187">
        <ele>74.7</ele>
      </trkpt>
      <trkpt lat="43.306107" lon="-2.381275">
        <ele>73.8</ele>
      </trkpt>
      <trkpt lat="43.30615" lon="-2.381367">
        <ele>72.8</ele>
      </trkpt>
      <trkpt lat="43.30621" lon="-2.381561">
        <ele>70.9</ele>
      </trkpt>
      <trkpt lat="43.306227" lon="-2.381669">
        <ele>70.4</ele>
      </trkpt>
      <trkpt lat="43.306253" lon="-2.381783">
        <ele>69.4</ele>
      </trkpt>
      <trkpt lat="43.306249" lon="-2.381912">
        <ele>68.6</ele>
      </trkpt>
      <trkpt lat="43.306232" lon="-2.382096">
        <ele>67.6</ele>
      </trkpt>
      <trkpt lat="43.306221" lon="-2.382222">
        <ele>66.3</ele>
      </trkpt>
      <trkpt lat="43.30622" lon="-2.38231">
        <ele>64.2</ele>
      </trkpt>
      <trkpt lat="43.306204" lon="-2.382406">
        <ele>62.3</ele>
      </trkpt>
      <trkpt lat="43.306162" lon="-2.382604">
        <ele>59.2</ele>
      </trkpt>
      <trkpt lat="43.306128" lon="-2.382777">
        <ele>56.1</ele>
      </trkpt>
      <trkpt lat="43.306109" lon="-2.382938">
        <ele>52.4</ele>
      </trkpt>
      <trkpt lat="43.306074" lon="-2.383118">
        <ele>48.9</ele>
      </trkpt>
      <trkpt lat="43.306023" lon="-2.383294">
        <ele>46.2</ele>
      </trkpt>
      <trkpt lat="43.30595" lon="-2.383441">
        <ele>44.8</ele>
      </trkpt>
      <trkpt lat="43.305897" lon="-2.383595">
        <ele>43.4</ele>
      </trkpt>
      <trkpt lat="43.305774" lon="-2.383696">
        <ele>44.9</ele>
      </trkpt>
      <trkpt lat="43.305698" lon="-2.383755">
        <ele>45.5</ele>
      </trkpt>
      <trkpt lat="43.305623" lon="-2.38382">
        <ele>46.0</ele>
      </trkpt>
      <trkpt lat="43.305568" lon="-2.383865">
        <ele>46.2</ele>
      </trkpt>
      <trkpt lat="43.305558" lon="-2.383876">
        <ele>46.2</ele>
      </trkpt>
      <trkpt lat="43.305547" lon="-2.383889">
        <ele>46.1</ele>
      </trkpt>
      <trkpt lat="43.305526" lon="-2.383914">
        <ele>46.0</ele>
      </trkpt>
      <trkpt lat="43.3055" lon="-2.383956">
        <ele>45.5</ele>
      </trkpt>
      <trkpt lat="43.305489" lon="-2.383975">
        <ele>45.2</ele>
      </trkpt>
      <trkpt lat="43.305466" lon="-2.384025">
        <ele>44.5</ele>
      </trkpt>
      <trkpt lat="43.305522" lon="-2.384064">
        <ele>43.1</ele>
      </trkpt>
      <trkpt lat="43.30553" lon="-2.38407">
        <ele>42.9</ele>
      </trkpt>
      <trkpt lat="43.305568" lon="-2.384096">
        <ele>41.9</ele>
      </trkpt>
      <trkpt lat="43.305615" lon="-2.384119">
        <ele>40.8</ele>
      </trkpt>
      <trkpt lat="43.305658" lon="-2.384132">
        <ele>40.0</ele>
      </trkpt>
      <trkpt lat="43.305729" lon="-2.384055">
        <ele>40.0</ele>
      </trkpt>
      <trkpt lat="43.305787" lon="-2.383932">
        <ele>40.5</ele>
      </trkpt>
      <trkpt lat="43.305847" lon="-2.383817">
        <ele>40.8</ele>
      </trkpt>
      <trkpt lat="43.305925" lon="-2.383722">
        <ele>40.2</ele>
      </trkpt>
      <trkpt lat="43.306012" lon="-2.383618">
        <ele>38.7</ele>
      </trkpt>
      <trkpt lat="43.306092" lon="-2.383501">
        <ele>38.2</ele>
      </trkpt>
      <trkpt lat="43.306155" lon="-2.383368">
        <ele>39.0</ele>
      </trkpt>
      <trkpt lat="43.306212" lon="-2.383245">
        <ele>38.7</ele>
      </trkpt>
      <trkpt lat="43.306266" lon="-2.383161">
        <ele>37.1</ele>
      </trkpt>
      <trkpt lat="43.306284" lon="-2.383141">
        <ele>36.4</ele>
      </trkpt>
      <trkpt lat="43.306307" lon="-2.383133">
        <ele>34.9</ele>
      </trkpt>
      <trkpt lat="43.306329" lon="-2.383138">
        <ele>33.3</ele>
      </trkpt>
      <trkpt lat="43.306347" lon="-2.38315">
        <ele>31.9</ele>
      </trkpt>
      <trkpt lat="43.306357" lon="-2.38317">
        <ele>30.8</ele>
      </trkpt>
      <trkpt lat="43.306358" lon="-2.383193">
        <ele>30.2</ele>
      </trkpt>
      <trkpt lat="43.306353" lon="-2.383216">
        <ele>30.1</ele>
      </trkpt>
      <trkpt lat="43.306296" lon="-2.383317">
        <ele>31.9</ele>
      </trkpt>
      <trkpt lat="43.306206" lon="-2.383498">
        <ele>33.4</ele>
      </trkpt>
      <trkpt lat="43.306181" lon="-2.383606">
        <ele>32.4</ele>
      </trkpt>
      <trkpt lat="43.306185" lon="-2.383653">
        <ele>31.6</ele>
      </trkpt>
      <trkpt lat="43.306212" lon="-2.383721">
        <ele>29.9</ele>
      </trkpt>
      <trkpt lat="43.306243" lon="-2.383755">
        <ele>28.4</ele>
      </trkpt>
      <trkpt lat="43.306307" lon="-2.383784">
        <ele>25.5</ele>
      </trkpt>
      <trkpt lat="43.306386" lon="-2.383806">
        <ele>22.3</ele>
      </trkpt>
      <trkpt lat="43.306432" lon="-2.383831">
        <ele>20.8</ele>
      </trkpt>
      <trkpt lat="43.306474" lon="-2.383861">
        <ele>19.7</ele>
      </trkpt>
      <trkpt lat="43.3065" lon="-2.383916">
        <ele>19.3</ele>
      </trkpt>
      <trkpt lat="43.30652" lon="-2.383954">
        <ele>19.1</ele>
      </trkpt>
      <trkpt lat="43.306535" lon="-2.384003">
        <ele>19.1</ele>
      </trkpt>
      <trkpt lat="43.306539" lon="-2.38402">
        <ele>19.1</ele>
      </trkpt>
      <trkpt lat="43.306568" lon="-2.38415">
        <ele>19.1</ele>
      </trkpt>
      <trkpt lat="43.306602" lon="-2.384199">
        <ele>18.7</ele>
      </trkpt>
      <trkpt lat="43.306628" lon="-2.384216">
        <ele>18.4</ele>
      </trkpt>
      <trkpt lat="43.306691" lon="-2.384236">
        <ele>17.9</ele>
      </trkpt>
      <trkpt lat="43.306751" lon="-2.384231">
        <ele>17.7</ele>
      </trkpt>
      <trkpt lat="43.306805" lon="-2.384201">
        <ele>17.2</ele>
      </trkpt>
      <trkpt lat="43.306855" lon="-2.384166">
        <ele>16.7</ele>
      </trkpt>
      <trkpt lat="43.306883" lon="-2.384123">
        <ele>16.0</ele>
      </trkpt>
      <trkpt lat="43.306937" lon="-2.38401">
        <ele>14.0</ele>
      </trkpt>
      <trkpt lat="43.307092" lon="-2.384118">
        <ele>15.6</ele>
      </trkpt>
      <trkpt lat="43.307191" lon="-2.38411">
        <ele>15.0</ele>
      </trkpt>
      <trkpt lat="43.30726" lon="-2.384021">
        <ele>11.6</ele>
      </trkpt>
      <trkpt lat="43.307268" lon="-2.384011">
        <ele>11.2</ele>
      </trkpt>
      <trkpt lat="43.307308" lon="-2.383972">
        <ele>9.8</ele>
      </trkpt>
      <trkpt lat="43.307343" lon="-2.383951">
        <ele>9.2</ele>
      </trkpt>
      <trkpt lat="43.307387" lon="-2.383941">
        <ele>8.9</ele>
      </trkpt>
      <trkpt lat="43.307534" lon="-2.383901">
        <ele>8.3</ele>
      </trkpt>
      <trkpt lat="43.307611" lon="-2.383891">
        <ele>8.1</ele>
      </trkpt>
      <trkpt lat="43.307717" lon="-2.383902">
        <ele>8.8</ele>
      </trkpt>
      <trkpt lat="43.307745" lon="-2.3839">
        <ele>9.0</ele>
      </trkpt>
      <trkpt lat="43.307837" lon="-2.383891">
        <ele>9.9</ele>
      </trkpt>
      <trkpt lat="43.30791" lon="-2.383873">
        <ele>10.7</ele>
      </trkpt>
      <trkpt lat="43.307983" lon="-2.38381">
        <ele>10.5</ele>
      </trkpt>
      <trkpt lat="43.308115" lon="-2.383676">
        <ele>10.9</ele>
      </trkpt>
      <trkpt lat="43.30818" lon="-2.383632">
        <ele>12.3</ele>
      </trkpt>
      <trkpt lat="43.308305" lon="-2.383564">
        <ele>15.7</ele>
      </trkpt>
      <trkpt lat="43.308446" lon="-2.383461">
        <ele>19.2</ele>
      </trkpt>
      <trkpt lat="43.308557" lon="-2.383372">
        <ele>22.0</ele>
      </trkpt>
      <trkpt lat="43.308646" lon="-2.383246">
        <ele>21.0</ele>
      </trkpt>
      <trkpt lat="43.308727" lon="-2.383115">
        <ele>17.4</ele>
      </trkpt>
      <trkpt lat="43.308883" lon="-2.382816">
        <ele>10.8</ele>
      </trkpt>
      <trkpt lat="43.308922" lon="-2.382748">
        <ele>10.1</ele>
      </trkpt>
      <trkpt lat="43.308985" lon="-2.382646">
        <ele>9.3</ele>
      </trkpt>
      <trkpt lat="43.309061" lon="-2.382575">
        <ele>8.5</ele>
      </trkpt>
      <trkpt lat="43.309118" lon="-2.382537">
        <ele>8.2</ele>
      </trkpt>
      <trkpt lat="43.30949" lon="-2.38228">
        <ele>7.8</ele>
      </trkpt>
      <trkpt lat="43.309861" lon="-2.382022">
        <ele>7.0</ele>
      </trkpt>
      <trkpt lat="43.309893" lon="-2.382106">
        <ele>8.9</ele>
      </trkpt>
      <trkpt lat="43.309936" lon="-2.382077">
        <ele>8.8</ele>
      </trkpt>
      <trkpt lat="43.31" lon="-2.382034">
        <ele>8.6</ele>
      </trkpt>
      <trkpt lat="43.310052" lon="-2.381994">
        <ele>8.4</ele>
      </trkpt>
      <trkpt lat="43.310113" lon="-2.381966">
        <ele>8.5</ele>
      </trkpt>
      <trkpt lat="43.310207" lon="-2.381968">
        <ele>9.6</ele>
      </trkpt>
      <trkpt lat="43.310253" lon="-2.381987">
        <ele>10.5</ele>
      </trkpt>
      <trkpt lat="43.310241" lon="-2.382011">
        <ele>10.9</ele>
      </trkpt>
      <trkpt lat="43.310267" lon="-2.382026">
        <ele>11.5</ele>
      </trkpt>
      <trkpt lat="43.310336" lon="-2.38207">
        <ele>13.3</ele>
      </trkpt>
      <trkpt lat="43.310378" lon="-2.382145">
        <ele>15.5</ele>
      </trkpt>
      <trkpt lat="43.310436" lon="-2.382267">
        <ele>19.7</ele>
      </trkpt>
      <trkpt lat="43.310472" lon="-2.382349">
        <ele>23.3</ele>
      </trkpt>
      <trkpt lat="43.310533" lon="-2.382436">
        <ele>27.2</ele>
      </trkpt>
      <trkpt lat="43.31063" lon="-2.382332">
        <ele>23.0</ele>
      </trkpt>
      <trkpt lat="43.310683" lon="-2.382255">
        <ele>21.5</ele>
      </trkpt>
      <trkpt lat="43.31073" lon="-2.38217">
        <ele>20.7</ele>
      </trkpt>
      <trkpt lat="43.310772" lon="-2.382036">
        <ele>20.1</ele>
      </trkpt>
      <trkpt lat="43.310899" lon="-2.382067">
        <ele>22.3</ele>
      </trkpt>
      <trkpt lat="43.310927" lon="-2.382074">
        <ele>22.7</ele>
      </trkpt>
      <trkpt lat="43.310968" lon="-2.382088">
        <ele>23.4</ele>
      </trkpt>
      <trkpt lat="43.31096" lon="-2.382234">
        <ele>24.6</ele>
      </trkpt>
      <trkpt lat="43.310957" lon="-2.382321">
        <ele>25.6</ele>
      </trkpt>
      <trkpt lat="43.310953" lon="-2.382386">
        <ele>26.4</ele>
      </trkpt>
      <trkpt lat="43.310948" lon="-2.382462">
        <ele>27.7</ele>
      </trkpt>
      <trkpt lat="43.310934" lon="-2.382524">
        <ele>29.1</ele>
      </trkpt>
      <trkpt lat="43.31092" lon="-2.382572">
        <ele>30.6</ele>
      </trkpt>
      <trkpt lat="43.310892" lon="-2.382622">
        <ele>32.5</ele>
      </trkpt>
      <trkpt lat="43.310855" lon="-2.382653">
        <ele>34.0</ele>
      </trkpt>
      <trkpt lat="43.310787" lon="-2.382708">
        <ele>37.2</ele>
      </trkpt>
      <trkpt lat="43.310701" lon="-2.38275">
        <ele>40.5</ele>
      </trkpt>
      <trkpt lat="43.310647" lon="-2.382752">
        <ele>41.4</ele>
      </trkpt>
      <trkpt lat="43.310567" lon="-2.382738">
        <ele>41.8</ele>
      </trkpt>
      <trkpt lat="43.310497" lon="-2.382727">
        <ele>42.2</ele>
      </trkpt>
      <trkpt lat="43.310417" lon="-2.38272">
        <ele>42.9</ele>
      </trkpt>
      <trkpt lat="43.31035" lon="-2.382713">
        <ele>43.2</ele>
      </trkpt>
      <trkpt lat="43.310289" lon="-2.382698">
        <ele>42.9</ele>
      </trkpt>
      <trkpt lat="43.310244" lon="-2.382676">
        <ele>41.8</ele>
      </trkpt>
      <trkpt lat="43.310177" lon="-2.382678">
        <ele>41.7</ele>
      </trkpt>
      <trkpt lat="43.310111" lon="-2.382689">
        <ele>41.8</ele>
      </trkpt>
      <trkpt lat="43.310046" lon="-2.382711">
        <ele>42.3</ele>
      </trkpt>
      <trkpt lat="43.309961" lon="-2.382747">
        <ele>43.3</ele>
      </trkpt>
      <trkpt lat="43.309853" lon="-2.382774">
        <ele>43.6</ele>
      </trkpt>
      <trkpt lat="43.309759" lon="-2.382819">
        <ele>44.4</ele>
      </trkpt>
      <trkpt lat="43.309724" lon="-2.382852">
        <ele>45.2</ele>
      </trkpt>
      <trkpt lat="43.309687" lon="-2.38289">
        <ele>45.9</ele>
      </trkpt>
      <trkpt lat="43.309628" lon="-2.382938">
        <ele>46.4</ele>
      </trkpt>
      <trkpt lat="43.309584" lon="-2.383">
        <ele>47.4</ele>
      </trkpt>
      <trkpt lat="43.309588" lon="-2.383039">
        <ele>48.7</ele>
      </trkpt>
      <trkpt lat="43.309733" lon="-2.383005">
        <ele>50.7</ele>
      </trkpt>
      <trkpt lat="43.30991" lon="-2.38297">
        <ele>52.0</ele>
      </trkpt>
      <trkpt lat="43.310002" lon="-2.382952">
        <ele>52.3</ele>
      </trkpt>
      <trkpt lat="43.310157" lon="-2.382943">
        <ele>53.8</ele>
      </trkpt>
      <trkpt lat="43.310244" lon="-2.382962">
        <ele>55.2</ele>
      </trkpt>
      <trkpt lat="43.310327" lon="-2.382975">
        <ele>55.9</ele>
      </trkpt>
      <trkpt lat="43.310381" lon="-2.382997">
        <ele>56.7</ele>
      </trkpt>
      <trkpt lat="43.310467" lon="-2.383032">
        <ele>57.8</ele>
      </trkpt>
      <trkpt lat="43.310522" lon="-2.383068">
        <ele>58.8</ele>
      </trkpt>
      <trkpt lat="43.310607" lon="-2.383127">
        <ele>60.0</ele>
      </trkpt>
      <trkpt lat="43.310727" lon="-2.383203">
        <ele>60.3</ele>
      </trkpt>
      <trkpt lat="43.310863" lon="-2.383288">
        <ele>61.0</ele>
      </trkpt>
      <trkpt lat="43.310968" lon="-2.383364">
        <ele>63.1</ele>
      </trkpt>
      <trkpt lat="43.311027" lon="-2.383394">
        <ele>64.1</ele>
      </trkpt>
      <trkpt lat="43.311091" lon="-2.3834">
        <ele>64.0</ele>
      </trkpt>
      <trkpt lat="43.311154" lon="-2.383395">
        <ele>63.4</ele>
      </trkpt>
      <trkpt lat="43.311212" lon="-2.383361">
        <ele>61.6</ele>
      </trkpt>
      <trkpt lat="43.31133" lon="-2.383264">
        <ele>57.5</ele>
      </trkpt>
      <trkpt lat="43.311396" lon="-2.38324">
        <ele>56.8</ele>
      </trkpt>
      <trkpt lat="43.31148" lon="-2.383248">
        <ele>57.7</ele>
      </trkpt>
      <trkpt lat="43.311651" lon="-2.383315">
        <ele>60.2</ele>
      </trkpt>
      <trkpt lat="43.311692" lon="-2.383331">
        <ele>60.8</ele>
      </trkpt>
      <trkpt lat="43.311761" lon="-2.383393">
        <ele>61.1</ele>
      </trkpt>
      <trkpt lat="43.31183" lon="-2.383462">
        <ele>60.7</ele>
      </trkpt>
      <trkpt lat="43.311879" lon="-2.383576">
        <ele>60.9</ele>
      </trkpt>
      <trkpt lat="43.311911" lon="-2.383735">
        <ele>62.7</ele>
      </trkpt>
      <trkpt lat="43.311922" lon="-2.383901">
        <ele>66.0</ele>
      </trkpt>
      <trkpt lat="43.311935" lon="-2.38403">
        <ele>69.8</ele>
      </trkpt>
      <trkpt lat="43.311948" lon="-2.384121">
        <ele>72.5</ele>
      </trkpt>
      <trkpt lat="43.311974" lon="-2.384225">
        <ele>74.6</ele>
      </trkpt>
      <trkpt lat="43.312017" lon="-2.384277">
        <ele>74.3</ele>
      </trkpt>
      <trkpt lat="43.312069" lon="-2.38431">
        <ele>73.3</ele>
      </trkpt>
      <trkpt lat="43.312189" lon="-2.384336">
        <ele>70.2</ele>
      </trkpt>
      <trkpt lat="43.31239" lon="-2.384365">
        <ele>68.2</ele>
      </trkpt>
      <trkpt lat="43.312601" lon="-2.384366">
        <ele>67.3</ele>
      </trkpt>
      <trkpt lat="43.312764" lon="-2.384343">
        <ele>66.5</ele>
      </trkpt>
      <trkpt lat="43.312831" lon="-2.384343">
        <ele>66.0</ele>
      </trkpt>
      <trkpt lat="43.312902" lon="-2.384372">
        <ele>66.0</ele>
      </trkpt>
      <trkpt lat="43.312966" lon="-2.384428">
        <ele>66.3</ele>
      </trkpt>
      <trkpt lat="43.313038" lon="-2.384535">
        <ele>66.5</ele>
      </trkpt>
      <trkpt lat="43.313058" lon="-2.384599">
        <ele>66.7</ele>
      </trkpt>
      <trkpt lat="43.313081" lon="-2.384674">
        <ele>67.0</ele>
      </trkpt>
      <trkpt lat="43.313074" lon="-2.384823">
        <ele>68.7</ele>
      </trkpt>
      <trkpt lat="43.313081" lon="-2.384901">
        <ele>69.3</ele>
      </trkpt>
      <trkpt lat="43.313101" lon="-2.385046">
        <ele>70.3</ele>
      </trkpt>
      <trkpt lat="43.313156" lon="-2.385196">
        <ele>70.3</ele>
      </trkpt>
      <trkpt lat="43.31321" lon="-2.385254">
        <ele>69.4</ele>
      </trkpt>
      <trkpt lat="43.313253" lon="-2.3853">
        <ele>68.8</ele>
      </trkpt>
      <trkpt lat="43.313317" lon="-2.385362">
        <ele>67.7</ele>
      </trkpt>
      <trkpt lat="43.313383" lon="-2.385424">
        <ele>66.3</ele>
      </trkpt>
      <trkpt lat="43.313538" lon="-2.385542">
        <ele>62.5</ele>
      </trkpt>
      <trkpt lat="43.31356" lon="-2.385563">
        <ele>62.0</ele>
      </trkpt>
      <trkpt lat="43.313578" lon="-2.385588">
        <ele>61.6</ele>
      </trkpt>
      <trkpt lat="43.313585" lon="-2.385601">
        <ele>61.5</ele>
      </trkpt>
      <trkpt lat="43.313596" lon="-2.385637">
        <ele>61.3</ele>
      </trkpt>
      <trkpt lat="43.3136" lon="-2.385657">
        <ele>61.4</ele>
      </trkpt>
      <trkpt lat="43.313601" lon="-2.385677">
        <ele>61.5</ele>
      </trkpt>
      <trkpt lat="43.313609" lon="-2.385728">
        <ele>61.5</ele>
      </trkpt>
      <trkpt lat="43.313612" lon="-2.385783">
        <ele>61.7</ele>
      </trkpt>
      <trkpt lat="43.31361" lon="-2.385843">
        <ele>62.1</ele>
      </trkpt>
      <trkpt lat="43.313602" lon="-2.385903">
        <ele>62.7</ele>
      </trkpt>
      <trkpt lat="43.313593" lon="-2.385941">
        <ele>63.3</ele>
      </trkpt>
      <trkpt lat="43.313575" lon="-2.385987">
        <ele>64.2</ele>
      </trkpt>
      <trkpt lat="43.313544" lon="-2.386073">
        <ele>65.9</ele>
      </trkpt>
      <trkpt lat="43.313522" lon="-2.38613">
        <ele>67.2</ele>
      </trkpt>
      <trkpt lat="43.313468" lon="-2.386257">
        <ele>70.1</ele>
      </trkpt>
      <trkpt lat="43.313455" lon="-2.386309">
        <ele>70.9</ele>
      </trkpt>
      <trkpt lat="43.313451" lon="-2.386378">
        <ele>71.6</ele>
      </trkpt>
      <trkpt lat="43.313453" lon="-2.386471">
        <ele>72.3</ele>
      </trkpt>
      <trkpt lat="43.313479" lon="-2.386606">
        <ele>73.0</ele>
      </trkpt>
      <trkpt lat="43.313533" lon="-2.38677">
        <ele>74.2</ele>
      </trkpt>
      <trkpt lat="43.313542" lon="-2.386777">
        <ele>74.1</ele>
      </trkpt>
      <trkpt lat="43.313543" lon="-2.38684">
        <ele>75.4</ele>
      </trkpt>
      <trkpt lat="43.313547" lon="-2.386878">
        <ele>76.1</ele>
      </trkpt>
      <trkpt lat="43.313555" lon="-2.386927">
        <ele>77.0</ele>
      </trkpt>
      <trkpt lat="43.313574" lon="-2.386972">
        <ele>77.7</ele>
      </trkpt>
      <trkpt lat="43.313589" lon="-2.38699">
        <ele>77.7</ele>
      </trkpt>
      <trkpt lat="43.31361" lon="-2.387005">
        <ele>77.6</ele>
      </trkpt>
      <trkpt lat="43.313634" lon="-2.387014">
        <ele>77.2</ele>
      </trkpt>
      <trkpt lat="43.313666" lon="-2.387019">
        <ele>76.6</ele>
      </trkpt>
      <trkpt lat="43.313722" lon="-2.387016">
        <ele>75.3</ele>
      </trkpt>
      <trkpt lat="43.313808" lon="-2.387001">
        <ele>73.1</ele>
      </trkpt>
      <trkpt lat="43.313878" lon="-2.386979">
        <ele>71.0</ele>
      </trkpt>
      <trkpt lat="43.313954" lon="-2.38696">
        <ele>69.0</ele>
      </trkpt>
      <trkpt lat="43.314003" lon="-2.386944">
        <ele>67.8</ele>
      </trkpt>
      <trkpt lat="43.314067" lon="-2.386935">
        <ele>66.3</ele>
      </trkpt>
      <trkpt lat="43.314099" lon="-2.386937">
        <ele>65.6</ele>
      </trkpt>
      <trkpt lat="43.314121" lon="-2.386955">
        <ele>65.5</ele>
      </trkpt>
      <trkpt lat="43.314136" lon="-2.386975">
        <ele>65.6</ele>
      </trkpt>
      <trkpt lat="43.314142" lon="-2.386995">
        <ele>65.8</ele>
      </trkpt>
      <trkpt lat="43.314139" lon="-2.387047">
        <ele>66.9</ele>
      </trkpt>
      <trkpt lat="43.314124" lon="-2.387193">
        <ele>70.6</ele>
      </trkpt>
      <trkpt lat="43.314112" lon="-2.387259">
        <ele>73.0</ele>
      </trkpt>
      <trkpt lat="43.31411" lon="-2.387277">
        <ele>73.7</ele>
      </trkpt>
      <trkpt lat="43.314098" lon="-2.387379">
        <ele>78.0</ele>
      </trkpt>
      <trkpt lat="43.314112" lon="-2.387443">
        <ele>80.3</ele>
      </trkpt>
      <trkpt lat="43.314141" lon="-2.387493">
        <ele>81.5</ele>
      </trkpt>
      <trkpt lat="43.314192" lon="-2.387534">
        <ele>81.5</ele>
      </trkpt>
      <trkpt lat="43.314257" lon="-2.387577">
        <ele>80.5</ele>
      </trkpt>
      <trkpt lat="43.314418" lon="-2.387672">
        <ele>77.1</ele>
      </trkpt>
      <trkpt lat="43.314469" lon="-2.387714">
        <ele>76.8</ele>
      </trkpt>
      <trkpt lat="43.314524" lon="-2.387767">
        <ele>76.6</ele>
      </trkpt>
      <trkpt lat="43.314619" lon="-2.387912">
        <ele>78.0</ele>
      </trkpt>
      <trkpt lat="43.314642" lon="-2.387958">
        <ele>78.8</ele>
      </trkpt>
      <trkpt lat="43.314654" lon="-2.387974">
        <ele>78.9</ele>
      </trkpt>
      <trkpt lat="43.314666" lon="-2.387996">
        <ele>79.1</ele>
      </trkpt>
      <trkpt lat="43.314689" lon="-2.38805">
        <ele>79.7</ele>
      </trkpt>
      <trkpt lat="43.314712" lon="-2.388094">
        <ele>79.5</ele>
      </trkpt>
      <trkpt lat="43.314722" lon="-2.388118">
        <ele>79.4</ele>
      </trkpt>
      <trkpt lat="43.314726" lon="-2.388143">
        <ele>79.5</ele>
      </trkpt>
      <trkpt lat="43.314738" lon="-2.388181">
        <ele>79.3</ele>
      </trkpt>
      <trkpt lat="43.314742" lon="-2.388223">
        <ele>79.4</ele>
      </trkpt>
      <trkpt lat="43.314742" lon="-2.388248">
        <ele>79.6</ele>
      </trkpt>
      <trkpt lat="43.314736" lon="-2.38829">
        <ele>80.1</ele>
      </trkpt>
      <trkpt lat="43.314736" lon="-2.388324">
        <ele>80.2</ele>
      </trkpt>
      <trkpt lat="43.314708" lon="-2.38845">
        <ele>81.1</ele>
      </trkpt>
      <trkpt lat="43.314662" lon="-2.388605">
        <ele>82.1</ele>
      </trkpt>
      <trkpt lat="43.314644" lon="-2.388658">
        <ele>82.9</ele>
      </trkpt>
      <trkpt lat="43.314607" lon="-2.388733">
        <ele>84.6</ele>
      </trkpt>
      <trkpt lat="43.314573" lon="-2.388781">
        <ele>86.1</ele>
      </trkpt>
      <trkpt lat="43.314437" lon="-2.388936">
        <ele>91.2</ele>
      </trkpt>
      <trkpt lat="43.314374" lon="-2.388999">
        <ele>93.3</ele>
      </trkpt>
      <trkpt lat="43.314321" lon="-2.389048">
        <ele>94.8</ele>
      </trkpt>
      <trkpt lat="43.314249" lon="-2.389094">
        <ele>96.8</ele>
      </trkpt>
      <trkpt lat="43.314168" lon="-2.389171">
        <ele>99.0</ele>
      </trkpt>
      <trkpt lat="43.314062" lon="-2.389335">
        <ele>103.6</ele>
      </trkpt>
      <trkpt lat="43.314057" lon="-2.389364">
        <ele>104.3</ele>
      </trkpt>
      <trkpt lat="43.314065" lon="-2.389407">
        <ele>104.7</ele>
      </trkpt>
      <trkpt lat="43.31409" lon="-2.389451">
        <ele>104.6</ele>
      </trkpt>
      <trkpt lat="43.314129" lon="-2.389503">
        <ele>104.3</ele>
      </trkpt>
      <trkpt lat="43.314237" lon="-2.389607">
        <ele>104.2</ele>
      </trkpt>
      <trkpt lat="43.314272" lon="-2.389639">
        <ele>104.3</ele>
      </trkpt>
      <trkpt lat="43.314328" lon="-2.38968">
        <ele>104.4</ele>
      </trkpt>
      <trkpt lat="43.314318" lon="-2.389792">
        <ele>107.6</ele>
      </trkpt>
      <trkpt lat="43.314323" lon="-2.389845">
        <ele>109.1</ele>
      </trkpt>
      <trkpt lat="43.314397" lon="-2.390004">
        <ele>111.5</ele>
      </trkpt>
      <trkpt lat="43.314446" lon="-2.390183">
        <ele>111.5</ele>
      </trkpt>
      <trkpt lat="43.314453" lon="-2.390247">
        <ele>111.5</ele>
      </trkpt>
      <trkpt lat="43.314455" lon="-2.390287">
        <ele>111.7</ele>
      </trkpt>
      <trkpt lat="43.314456" lon="-2.390361">
        <ele>112.2</ele>
      </trkpt>
      <trkpt lat="43.314454" lon="-2.390403">
        <ele>112.7</ele>
      </trkpt>
      <trkpt lat="43.314425" lon="-2.390557">
        <ele>114.7</ele>
      </trkpt>
      <trkpt lat="43.314419" lon="-2.390631">
        <ele>115.1</ele>
      </trkpt>
      <trkpt lat="43.314422" lon="-2.390711">
        <ele>115.0</ele>
      </trkpt>
      <trkpt lat="43.314428" lon="-2.390785">
        <ele>114.7</ele>
      </trkpt>
      <trkpt lat="43.314459" lon="-2.390868">
        <ele>113.4</ele>
      </trkpt>
      <trkpt lat="43.314467" lon="-2.390901">
        <ele>113.1</ele>
      </trkpt>
      <trkpt lat="43.314478" lon="-2.390968">
        <ele>112.4</ele>
      </trkpt>
      <trkpt lat="43.314478" lon="-2.391039">
        <ele>112.1</ele>
      </trkpt>
      <trkpt lat="43.314462" lon="-2.391056">
        <ele>112.6</ele>
      </trkpt>
      <trkpt lat="43.314446" lon="-2.391056">
        <ele>113.2</ele>
      </trkpt>
      <trkpt lat="43.314433" lon="-2.391054">
        <ele>113.7</ele>
      </trkpt>
      <trkpt lat="43.314405" lon="-2.391033">
        <ele>115.0</ele>
      </trkpt>
      <trkpt lat="43.314337" lon="-2.390933">
        <ele>118.2</ele>
      </trkpt>
      <trkpt lat="43.314285" lon="-2.390863">
        <ele>120.6</ele>
      </trkpt>
      <trkpt lat="43.314253" lon="-2.390838">
        <ele>122.0</ele>
      </trkpt>
      <trkpt lat="43.314194" lon="-2.390806">
        <ele>124.6</ele>
      </trkpt>
      <trkpt lat="43.314176" lon="-2.390795">
        <ele>125.4</ele>
      </trkpt>
      <trkpt lat="43.314093" lon="-2.390731">
        <ele>129.1</ele>
      </trkpt>
      <trkpt lat="43.314079" lon="-2.390716">
        <ele>129.7</ele>
      </trkpt>
      <trkpt lat="43.314066" lon="-2.390676">
        <ele>130.1</ele>
      </trkpt>
      <trkpt lat="43.314067" lon="-2.390653">
        <ele>129.9</ele>
      </trkpt>
      <trkpt lat="43.314077" lon="-2.390605">
        <ele>129.1</ele>
      </trkpt>
      <trkpt lat="43.314097" lon="-2.390563">
        <ele>128.0</ele>
      </trkpt>
      <trkpt lat="43.314114" lon="-2.390518">
        <ele>127.0</ele>
      </trkpt>
      <trkpt lat="43.314119" lon="-2.390484">
        <ele>126.6</ele>
      </trkpt>
      <trkpt lat="43.314123" lon="-2.390433">
        <ele>126.1</ele>
      </trkpt>
      <trkpt lat="43.314122" lon="-2.39038">
        <ele>125.8</ele>
      </trkpt>
      <trkpt lat="43.314094" lon="-2.390283">
        <ele>125.7</ele>
      </trkpt>
      <trkpt lat="43.314065" lon="-2.390242">
        <ele>125.9</ele>
      </trkpt>
      <trkpt lat="43.314026" lon="-2.390265">
        <ele>127.7</ele>
      </trkpt>
      <trkpt lat="43.314013" lon="-2.390288">
        <ele>128.6</ele>
      </trkpt>
      <trkpt lat="43.313995" lon="-2.390396">
        <ele>130.7</ele>
      </trkpt>
      <trkpt lat="43.313987" lon="-2.390422">
        <ele>131.4</ele>
      </trkpt>
      <trkpt lat="43.313962" lon="-2.390479">
        <ele>133.0</ele>
      </trkpt>
      <trkpt lat="43.31394" lon="-2.390511">
        <ele>134.2</ele>
      </trkpt>
      <trkpt lat="43.313911" lon="-2.390563">
        <ele>136.1</ele>
      </trkpt>
      <trkpt lat="43.313876" lon="-2.390637">
        <ele>138.5</ele>
      </trkpt>
      <trkpt lat="43.313858" lon="-2.390687">
        <ele>139.9</ele>
      </trkpt>
      <trkpt lat="43.313847" lon="-2.390743">
        <ele>141.0</ele>
      </trkpt>
      <trkpt lat="43.313845" lon="-2.39077">
        <ele>141.4</ele>
      </trkpt>
      <trkpt lat="43.313847" lon="-2.390796">
        <ele>141.6</ele>
      </trkpt>
      <trkpt lat="43.313862" lon="-2.390831">
        <ele>141.3</ele>
      </trkpt>
      <trkpt lat="43.313893" lon="-2.390877">
        <ele>140.3</ele>
      </trkpt>
      <trkpt lat="43.313927" lon="-2.390941">
        <ele>139.3</ele>
      </trkpt>
      <trkpt lat="43.313964" lon="-2.391">
        <ele>137.9</ele>
      </trkpt>
      <trkpt lat="43.313989" lon="-2.391068">
        <ele>137.1</ele>
      </trkpt>
      <trkpt lat="43.313998" lon="-2.391099">
        <ele>136.7</ele>
      </trkpt>
      <trkpt lat="43.314" lon="-2.39115">
        <ele>137.0</ele>
      </trkpt>
      <trkpt lat="43.313994" lon="-2.391249">
        <ele>138.1</ele>
      </trkpt>
      <trkpt lat="43.31399" lon="-2.39133">
        <ele>138.8</ele>
      </trkpt>
      <trkpt lat="43.313978" lon="-2.391389">
        <ele>139.7</ele>
      </trkpt>
      <trkpt lat="43.31396" lon="-2.391447">
        <ele>140.6</ele>
      </trkpt>
      <trkpt lat="43.313952" lon="-2.39151">
        <ele>140.6</ele>
      </trkpt>
      <trkpt lat="43.313956" lon="-2.391556">
        <ele>139.9</ele>
      </trkpt>
      <trkpt lat="43.313965" lon="-2.391604">
        <ele>138.9</ele>
      </trkpt>
      <trkpt lat="43.313965" lon="-2.391677">
        <ele>138.5</ele>
      </trkpt>
      <trkpt lat="43.313962" lon="-2.391787">
        <ele>138.4</ele>
      </trkpt>
      <trkpt lat="43.313949" lon="-2.39185">
        <ele>139.2</ele>
      </trkpt>
      <trkpt lat="43.313917" lon="-2.391933">
        <ele>141.4</ele>
      </trkpt>
      <trkpt lat="43.3139" lon="-2.391979">
        <ele>142.6</ele>
      </trkpt>
      <trkpt lat="43.313866" lon="-2.392057">
        <ele>145.2</ele>
      </trkpt>
      <trkpt lat="43.313813" lon="-2.392163">
        <ele>148.8</ele>
      </trkpt>
      <trkpt lat="43.313769" lon="-2.392302">
        <ele>151.6</ele>
      </trkpt>
      <trkpt lat="43.313761" lon="-2.392356">
        <ele>152.4</ele>
      </trkpt>
      <trkpt lat="43.313759" lon="-2.392409">
        <ele>152.9</ele>
      </trkpt>
      <trkpt lat="43.313768" lon="-2.392456">
        <ele>153.1</ele>
      </trkpt>
      <trkpt lat="43.313787" lon="-2.392489">
        <ele>152.7</ele>
      </trkpt>
      <trkpt lat="43.313815" lon="-2.392586">
        <ele>152.2</ele>
      </trkpt>
      <trkpt lat="43.313841" lon="-2.392665">
        <ele>151.4</ele>
      </trkpt>
      <trkpt lat="43.313849" lon="-2.392732">
        <ele>151.2</ele>
      </trkpt>
      <trkpt lat="43.313843" lon="-2.39279">
        <ele>151.7</ele>
      </trkpt>
      <trkpt lat="43.313832" lon="-2.39286">
        <ele>152.5</ele>
      </trkpt>
      <trkpt lat="43.313828" lon="-2.393088">
        <ele>155.0</ele>
      </trkpt>
      <trkpt lat="43.313817" lon="-2.393213">
        <ele>156.9</ele>
      </trkpt>
      <trkpt lat="43.313818" lon="-2.393423">
        <ele>159.5</ele>
      </trkpt>
      <trkpt lat="43.31381" lon="-2.393604">
        <ele>161.3</ele>
      </trkpt>
      <trkpt lat="43.313742" lon="-2.393916">
        <ele>165.2</ele>
      </trkpt>
      <trkpt lat="43.313709" lon="-2.394064">
        <ele>166.6</ele>
      </trkpt>
      <trkpt lat="43.313664" lon="-2.39425">
        <ele>167.9</ele>
      </trkpt>
      <trkpt lat="43.313602" lon="-2.394427">
        <ele>169.0</ele>
      </trkpt>
      <trkpt lat="43.313544" lon="-2.394579">
        <ele>170.1</ele>
      </trkpt>
      <trkpt lat="43.313462" lon="-2.394799">
        <ele>172.4</ele>
      </trkpt>
      <trkpt lat="43.313389" lon="-2.395054">
        <ele>174.8</ele>
      </trkpt>
      <trkpt lat="43.313438" lon="-2.395085">
        <ele>175.3</ele>
      </trkpt>
      <trkpt lat="43.313543" lon="-2.395154">
        <ele>176.1</ele>
      </trkpt>
      <trkpt lat="43.313688" lon="-2.395229">
        <ele>175.7</ele>
      </trkpt>
      <trkpt lat="43.313839" lon="-2.39528">
        <ele>174.5</ele>
      </trkpt>
      <trkpt lat="43.314001" lon="-2.395313">
        <ele>173.9</ele>
      </trkpt>
      <trkpt lat="43.314142" lon="-2.395349">
        <ele>173.9</ele>
      </trkpt>
      <trkpt lat="43.314267" lon="-2.395383">
        <ele>173.4</ele>
      </trkpt>
      <trkpt lat="43.314402" lon="-2.395446">
        <ele>173.1</ele>
      </trkpt>
      <trkpt lat="43.314477" lon="-2.395506">
        <ele>173.3</ele>
      </trkpt>
      <trkpt lat="43.314574" lon="-2.395574">
        <ele>172.1</ele>
      </trkpt>
      <trkpt lat="43.314697" lon="-2.395636">
        <ele>170.3</ele>
      </trkpt>
      <trkpt lat="43.314784" lon="-2.39572">
        <ele>170.5</ele>
      </trkpt>
      <trkpt lat="43.314865" lon="-2.395791">
        <ele>170.1</ele>
      </trkpt>
      <trkpt lat="43.314967" lon="-2.395897">
        <ele>169.5</ele>
      </trkpt>
      <trkpt lat="43.315028" lon="-2.395964">
        <ele>169.4</ele>
      </trkpt>
      <trkpt lat="43.315098" lon="-2.396011">
        <ele>169.1</ele>
      </trkpt>
      <trkpt lat="43.315188" lon="-2.396067">
        <ele>168.3</ele>
      </trkpt>
      <trkpt lat="43.315279" lon="-2.39612">
        <ele>167.0</ele>
      </trkpt>
      <trkpt lat="43.315346" lon="-2.396147">
        <ele>165.7</ele>
      </trkpt>
      <trkpt lat="43.315441" lon="-2.396156">
        <ele>163.5</ele>
      </trkpt>
      <trkpt lat="43.315531" lon="-2.396129">
        <ele>161.5</ele>
      </trkpt>
      <trkpt lat="43.315654" lon="-2.396076">
        <ele>159.6</ele>
      </trkpt>
      <trkpt lat="43.315817" lon="-2.396069">
        <ele>158.1</ele>
      </trkpt>
      <trkpt lat="43.315927" lon="-2.396104">
        <ele>157.0</ele>
      </trkpt>
      <trkpt lat="43.316001" lon="-2.396186">
        <ele>156.2</ele>
      </trkpt>
      <trkpt lat="43.316061" lon="-2.396288">
        <ele>155.2</ele>
      </trkpt>
      <trkpt lat="43.316122" lon="-2.396439">
        <ele>153.4</ele>
      </trkpt>
      <trkpt lat="43.316181" lon="-2.396619">
        <ele>150.6</ele>
      </trkpt>
      <trkpt lat="43.316254" lon="-2.396888">
        <ele>147.5</ele>
      </trkpt>
      <trkpt lat="43.316303" lon="-2.397066">
        <ele>145.3</ele>
      </trkpt>
      <trkpt lat="43.316426" lon="-2.39741">
        <ele>142.3</ele>
      </trkpt>
      <trkpt lat="43.31647" lon="-2.397548">
        <ele>140.6</ele>
      </trkpt>
      <trkpt lat="43.316525" lon="-2.397757">
        <ele>137.7</ele>
      </trkpt>
      <trkpt lat="43.316617" lon="-2.398105">
        <ele>133.0</ele>
      </trkpt>
      <trkpt lat="43.316709" lon="-2.398452">
        <ele>129.9</ele>
      </trkpt>
      <trkpt lat="43.316826" lon="-2.398879">
        <ele>124.1</ele>
      </trkpt>
      <trkpt lat="43.31692" lon="-2.399205">
        <ele>120.5</ele>
      </trkpt>
      <trkpt lat="43.317013" lon="-2.39953">
        <ele>120.0</ele>
      </trkpt>
      <trkpt lat="43.317138" lon="-2.39993">
        <ele>118.1</ele>
      </trkpt>
      <trkpt lat="43.317148" lon="-2.399961">
        <ele>118.0</ele>
      </trkpt>
      <trkpt lat="43.317183" lon="-2.400075">
        <ele>117.7</ele>
      </trkpt>
      <trkpt lat="43.317324" lon="-2.400587">
        <ele>115.4</ele>
      </trkpt>
      <trkpt lat="43.31736" lon="-2.400796">
        <ele>115.9</ele>
      </trkpt>
      <trkpt lat="43.317319" lon="-2.400865">
        <ele>115.8</ele>
      </trkpt>
      <trkpt lat="43.317381" lon="-2.401056">
        <ele>116.0</ele>
      </trkpt>
      <trkpt lat="43.317487" lon="-2.401221">
        <ele>116.4</ele>
      </trkpt>
      <trkpt lat="43.317795" lon="-2.401525">
        <ele>115.9</ele>
      </trkpt>
      <trkpt lat="43.317876" lon="-2.401662">
        <ele>114.9</ele>
      </trkpt>
      <trkpt lat="43.317899" lon="-2.401783">
        <ele>114.9</ele>
      </trkpt>
      <trkpt lat="43.317884" lon="-2.401935">
        <ele>115.5</ele>
      </trkpt>
      <trkpt lat="43.31783" lon="-2.402307">
        <ele>116.8</ele>
      </trkpt>
      <trkpt lat="43.317798" lon="-2.402859">
        <ele>114.0</ele>
      </trkpt>
      <trkpt lat="43.317775" lon="-2.403181">
        <ele>112.5</ele>
      </trkpt>
      <trkpt lat="43.317821" lon="-2.403693">
        <ele>108.6</ele>
      </trkpt>
      <trkpt lat="43.317813" lon="-2.40383">
        <ele>106.1</ele>
      </trkpt>
      <trkpt lat="43.317786" lon="-2.403942">
        <ele>104.7</ele>
      </trkpt>
      <trkpt lat="43.317548" lon="-2.404378">
        <ele>101.4</ele>
      </trkpt>
      <trkpt lat="43.31752" lon="-2.404494">
        <ele>100.0</ele>
      </trkpt>
      <trkpt lat="43.317506" lon="-2.404816">
        <ele>96.1</ele>
      </trkpt>
      <trkpt lat="43.317629" lon="-2.405223">
        <ele>93.4</ele>
      </trkpt>
      <trkpt lat="43.317654" lon="-2.405408">
        <ele>92.8</ele>
      </trkpt>
      <trkpt lat="43.317639" lon="-2.405582">
        <ele>92.2</ele>
      </trkpt>
      <trkpt lat="43.317604" lon="-2.405747">
        <ele>91.7</ele>
      </trkpt>
      <trkpt lat="43.317646" lon="-2.405833">
        <ele>91.5</ele>
      </trkpt>
      <trkpt lat="43.317692" lon="-2.406035">
        <ele>89.9</ele>
      </trkpt>
      <trkpt lat="43.317729" lon="-2.406496">
        <ele>86.9</ele>
      </trkpt>
      <trkpt lat="43.317763" lon="-2.406632">
        <ele>86.3</ele>
      </trkpt>
      <trkpt lat="43.317877" lon="-2.406908">
        <ele>81.3</ele>
      </trkpt>
      <trkpt lat="43.317984" lon="-2.407204">
        <ele>74.3</ele>
      </trkpt>
      <trkpt lat="43.318013" lon="-2.407329">
        <ele>72.4</ele>
      </trkpt>
      <trkpt lat="43.318009" lon="-2.407449">
        <ele>71.8</ele>
      </trkpt>
      <trkpt lat="43.317997" lon="-2.407655">
        <ele>70.6</ele>
      </trkpt>
      <trkpt lat="43.317944" lon="-2.408054">
        <ele>70.1</ele>
      </trkpt>
      <trkpt lat="43.317915" lon="-2.408409">
        <ele>64.2</ele>
      </trkpt>
      <trkpt lat="43.317887" lon="-2.408765">
        <ele>54.4</ele>
      </trkpt>
      <trkpt lat="43.317867" lon="-2.40894">
        <ele>51.7</ele>
      </trkpt>
      <trkpt lat="43.317865" lon="-2.408963">
        <ele>51.7</ele>
      </trkpt>
      <trkpt lat="43.317838" lon="-2.409139">
        <ele>52.8</ele>
      </trkpt>
      <trkpt lat="43.317852" lon="-2.409259">
        <ele>52.2</ele>
      </trkpt>
      <trkpt lat="43.31795" lon="-2.409463">
        <ele>48.3</ele>
      </trkpt>
      <trkpt lat="43.318055" lon="-2.409836">
        <ele>41.2</ele>
      </trkpt>
      <trkpt lat="43.318258" lon="-2.410303">
        <ele>33.9</ele>
      </trkpt>
      <trkpt lat="43.318306" lon="-2.410436">
        <ele>30.9</ele>
      </trkpt>
      <trkpt lat="43.318399" lon="-2.410772">
        <ele>23.6</ele>
      </trkpt>
      <trkpt lat="43.318488" lon="-2.410954">
        <ele>20.3</ele>
      </trkpt>
      <trkpt lat="43.318508" lon="-2.411126">
        <ele>16.8</ele>
      </trkpt>
      <trkpt lat="43.318527" lon="-2.411223">
        <ele>15.3</ele>
      </trkpt>
      <trkpt lat="43.318589" lon="-2.41128">
        <ele>14.9</ele>
      </trkpt>
      <trkpt lat="43.318644" lon="-2.411358">
        <ele>13.8</ele>
      </trkpt>
      <trkpt lat="43.318684" lon="-2.411469">
        <ele>12.3</ele>
      </trkpt>
      <trkpt lat="43.318715" lon="-2.411632">
        <ele>10.3</ele>
      </trkpt>
      <trkpt lat="43.318762" lon="-2.411986">
        <ele>7.7</ele>
      </trkpt>
      <trkpt lat="43.318779" lon="-2.412086">
        <ele>7.7</ele>
      </trkpt>
      <trkpt lat="43.318831" lon="-2.412166">
        <ele>7.7</ele>
      </trkpt>
      <trkpt lat="43.31885" lon="-2.412148">
        <ele>7.5</ele>
      </trkpt>
      <trkpt lat="43.318873" lon="-2.412142">
        <ele>7.3</ele>
      </trkpt>
      <trkpt lat="43.318895" lon="-2.41215">
        <ele>7.3</ele>
      </trkpt>
      <trkpt lat="43.318913" lon="-2.412171">
        <ele>7.4</ele>
      </trkpt>
      <trkpt lat="43.318923" lon="-2.4122">
        <ele>7.7</ele>
      </trkpt>
      <trkpt lat="43.318922" lon="-2.412233">
        <ele>8.1</ele>
      </trkpt>
      <trkpt lat="43.318912" lon="-2.412263">
        <ele>8.5</ele>
      </trkpt>
      <trkpt lat="43.319002" lon="-2.412308">
        <ele>9.4</ele>
      </trkpt>
      <trkpt lat="43.319047" lon="-2.412287">
        <ele>9.2</ele>
      </trkpt>
      <trkpt lat="43.319384" lon="-2.412054">
        <ele>9.9</ele>
      </trkpt>
      <trkpt lat="43.31972" lon="-2.411821">
        <ele>8.7</ele>
      </trkpt>
      <trkpt lat="43.320057" lon="-2.411588">
        <ele>5.8</ele>
      </trkpt>
      <trkpt lat="43.320067" lon="-2.411669">
        <ele>6.0</ele>
      </trkpt>
      <trkpt lat="43.320101" lon="-2.411837">
        <ele>8.0</ele>
      </trkpt>
      <trkpt lat="43.320266" lon="-2.411794">
        <ele>8.2</ele>
      </trkpt>
      <trkpt lat="43.320364" lon="-2.411868">
        <ele>9.2</ele>
      </trkpt>
      <trkpt lat="43.320465" lon="-2.411917">
        <ele>9.7</ele>
      </trkpt>
      <trkpt lat="43.320635" lon="-2.411971">
        <ele>7.1</ele>
      </trkpt>
      <trkpt lat="43.320778" lon="-2.41215">
        <ele>7.4</ele>
      </trkpt>
      <trkpt lat="43.320959" lon="-2.412492">
        <ele>7.8</ele>
      </trkpt>
      <trkpt lat="43.321028" lon="-2.412662">
        <ele>8.2</ele>
      </trkpt>
      <trkpt lat="43.321046" lon="-2.412757">
        <ele>9.2</ele>
        <name>Itsas pasealekua, Mutriku (Motrico), Debabarrena (Bajo Deba)</name>
        <extensions>
          <oa:Extension>
            <oa:mapZoom>16</oa:mapZoom>
          </oa:Extension>
        </extensions>
      </trkpt>
      <trkpt lat="43.321064" lon="-2.412848">
        <ele>10.1</ele>
      </trkpt>
      <trkpt lat="43.32107" lon="-2.413244">
        <ele>14.5</ele>
      </trkpt>
      <trkpt lat="43.321106" lon="-2.413538">
        <ele>12.4</ele>
      </trkpt>
      <trkpt lat="43.321191" lon="-2.413762">
        <ele>8.1</ele>
      </trkpt>
      <trkpt lat="43.321245" lon="-2.414075">
        <ele>7.9</ele>
      </trkpt>
      <trkpt lat="43.321274" lon="-2.414323">
        <ele>10.0</ele>
      </trkpt>
      <trkpt lat="43.321318" lon="-2.414716">
        <ele>14.9</ele>
      </trkpt>
      <trkpt lat="43.321414" lon="-2.415032">
        <ele>14.4</ele>
      </trkpt>
      <trkpt lat="43.321509" lon="-2.415227">
        <ele>15.6</ele>
      </trkpt>
      <trkpt lat="43.321638" lon="-2.415402">
        <ele>14.0</ele>
      </trkpt>
      <trkpt lat="43.321799" lon="-2.415577">
        <ele>12.0</ele>
      </trkpt>
      <trkpt lat="43.321932" lon="-2.415822">
        <ele>11.4</ele>
      </trkpt>
      <trkpt lat="43.321992" lon="-2.416125">
        <ele>12.0</ele>
      </trkpt>
      <trkpt lat="43.322078" lon="-2.416433">
        <ele>11.7</ele>
      </trkpt>
      <trkpt lat="43.322152" lon="-2.416822">
        <ele>10.7</ele>
      </trkpt>
      <trkpt lat="43.32223" lon="-2.417235">
        <ele>10.6</ele>
      </trkpt>
      <trkpt lat="43.322296" lon="-2.417543">
        <ele>10.0</ele>
      </trkpt>
      <trkpt lat="43.322308" lon="-2.417868">
        <ele>17.7</ele>
      </trkpt>
      <trkpt lat="43.322301" lon="-2.418245">
        <ele>21.6</ele>
      </trkpt>
      <trkpt lat="43.322322" lon="-2.418468">
        <ele>21.0</ele>
      </trkpt>
      <trkpt lat="43.322292" lon="-2.418547">
        <ele>22.8</ele>
      </trkpt>
      <trkpt lat="43.32233" lon="-2.418959">
        <ele>18.3</ele>
      </trkpt>
      <trkpt lat="43.322332" lon="-2.418997">
        <ele>17.7</ele>
      </trkpt>
      <trkpt lat="43.322334" lon="-2.419034">
        <ele>17.1</ele>
      </trkpt>
      <trkpt lat="43.322336" lon="-2.419071">
        <ele>16.5</ele>
      </trkpt>
      <trkpt lat="43.322339" lon="-2.419108">
        <ele>15.9</ele>
      </trkpt>
      <trkpt lat="43.322341" lon="-2.41915">
        <ele>15.3</ele>
      </trkpt>
      <trkpt lat="43.322344" lon="-2.419192">
        <ele>14.7</ele>
      </trkpt>
      <trkpt lat="43.322347" lon="-2.419234">
        <ele>14.2</ele>
      </trkpt>
      <trkpt lat="43.322349" lon="-2.419276">
        <ele>13.8</ele>
      </trkpt>
      <trkpt lat="43.322352" lon="-2.419318">
        <ele>13.4</ele>
      </trkpt>
      <trkpt lat="43.322355" lon="-2.41936">
        <ele>13.0</ele>
      </trkpt>
      <trkpt lat="43.322357" lon="-2.419402">
        <ele>12.6</ele>
      </trkpt>
      <trkpt lat="43.32236" lon="-2.419444">
        <ele>12.2</ele>
      </trkpt>
      <trkpt lat="43.32237" lon="-2.4195">
        <ele>11.5</ele>
      </trkpt>
      <trkpt lat="43.322345" lon="-2.419546">
        <ele>11.0</ele>
      </trkpt>
      <trkpt lat="43.322356" lon="-2.419596">
        <ele>10.2</ele>
      </trkpt>
      <trkpt lat="43.322355" lon="-2.419635">
        <ele>9.7</ele>
      </trkpt>
      <trkpt lat="43.322356" lon="-2.419675">
        <ele>9.2</ele>
      </trkpt>
      <trkpt lat="43.322351" lon="-2.419736">
        <ele>8.5</ele>
      </trkpt>
      <trkpt lat="43.322333" lon="-2.419791">
        <ele>7.9</ele>
      </trkpt>
      <trkpt lat="43.322327" lon="-2.41983">
        <ele>7.6</ele>
      </trkpt>
      <trkpt lat="43.322321" lon="-2.419869">
        <ele>7.3</ele>
      </trkpt>
      <trkpt lat="43.322316" lon="-2.419907">
        <ele>7.1</ele>
      </trkpt>
      <trkpt lat="43.32231" lon="-2.419946">
        <ele>6.8</ele>
      </trkpt>
      <trkpt lat="43.32228" lon="-2.419947">
        <ele>6.7</ele>
      </trkpt>
      <trkpt lat="43.32224" lon="-2.419973">
        <ele>6.3</ele>
      </trkpt>
      <trkpt lat="43.322155" lon="-2.420061">
        <ele>5.1</ele>
      </trkpt>
      <trkpt lat="43.322163" lon="-2.420073">
        <ele>5.2</ele>
      </trkpt>
      <trkpt lat="43.322397" lon="-2.420505">
        <ele>4.6</ele>
      </trkpt>
      <trkpt lat="43.322631" lon="-2.420937">
        <ele>4.0</ele>
      </trkpt>
      <trkpt lat="43.322595" lon="-2.420978">
        <ele>4.4</ele>
      </trkpt>
      <trkpt lat="43.322552" lon="-2.420998">
        <ele>4.7</ele>
      </trkpt>
      <trkpt lat="43.32251" lon="-2.420998">
        <ele>4.9</ele>
      </trkpt>
      <trkpt lat="43.322419" lon="-2.420981">
        <ele>5.4</ele>
      </trkpt>
      <trkpt lat="43.322408" lon="-2.420974">
        <ele>5.5</ele>
      </trkpt>
      <trkpt lat="43.322369" lon="-2.420949">
        <ele>5.7</ele>
      </trkpt>
      <trkpt lat="43.322298" lon="-2.420925">
        <ele>6.2</ele>
      </trkpt>
      <trkpt lat="43.321879" lon="-2.420925">
        <ele>8.5</ele>
      </trkpt>
      <trkpt lat="43.321843" lon="-2.420905">
        <ele>8.1</ele>
      </trkpt>
      <trkpt lat="43.321834" lon="-2.4209">
        <ele>8.0</ele>
      </trkpt>
      <trkpt lat="43.321762" lon="-2.420807">
        <ele>6.6</ele>
      </trkpt>
      <trkpt lat="43.321608" lon="-2.420604">
        <ele>4.5</ele>
      </trkpt>
      <trkpt lat="43.321577" lon="-2.420642">
        <ele>4.9</ele>
      </trkpt>
      <trkpt lat="43.321364" lon="-2.420917">
        <ele>9.4</ele>
      </trkpt>
      <trkpt lat="43.321345" lon="-2.42094">
        <ele>10.0</ele>
      </trkpt>
      <trkpt lat="43.321305" lon="-2.420991">
        <ele>11.6</ele>
      </trkpt>
      <trkpt lat="43.321276" lon="-2.420997">
        <ele>12.4</ele>
      </trkpt>
      <trkpt lat="43.32121" lon="-2.42096">
        <ele>13.3</ele>
      </trkpt>
      <trkpt lat="43.321154" lon="-2.42093">
        <ele>14.0</ele>
      </trkpt>
      <trkpt lat="43.321043" lon="-2.42085">
        <ele>14.3</ele>
      </trkpt>
      <trkpt lat="43.321023" lon="-2.420833">
        <ele>14.4</ele>
      </trkpt>
      <trkpt lat="43.32095" lon="-2.420772">
        <ele>14.5</ele>
      </trkpt>
      <trkpt lat="43.320869" lon="-2.420754">
        <ele>14.7</ele>
      </trkpt>
      <trkpt lat="43.320831" lon="-2.420759">
        <ele>14.8</ele>
      </trkpt>
      <trkpt lat="43.320799" lon="-2.420791">
        <ele>15.1</ele>
      </trkpt>
      <trkpt lat="43.320775" lon="-2.42084">
        <ele>15.5</ele>
      </trkpt>
      <trkpt lat="43.320748" lon="-2.420895">
        <ele>15.8</ele>
      </trkpt>
      <trkpt lat="43.320701" lon="-2.420886">
        <ele>14.7</ele>
      </trkpt>
      <trkpt lat="43.320661" lon="-2.420874">
        <ele>13.6</ele>
      </trkpt>
      <trkpt lat="43.320599" lon="-2.420885">
        <ele>12.4</ele>
      </trkpt>
      <trkpt lat="43.320588" lon="-2.420907">
        <ele>12.6</ele>
      </trkpt>
      <trkpt lat="43.320535" lon="-2.421016">
        <ele>13.5</ele>
      </trkpt>
      <trkpt lat="43.320578" lon="-2.421109">
        <ele>15.3</ele>
      </trkpt>
      <trkpt lat="43.320657" lon="-2.421299">
        <ele>18.0</ele>
      </trkpt>
      <trkpt lat="43.320714" lon="-2.421445">
        <ele>19.9</ele>
      </trkpt>
      <trkpt lat="43.320906" lon="-2.421863">
        <ele>27.5</ele>
      </trkpt>
      <trkpt lat="43.320977" lon="-2.422006">
        <ele>31.4</ele>
      </trkpt>
      <trkpt lat="43.320963" lon="-2.422077">
        <ele>32.3</ele>
      </trkpt>
      <trkpt lat="43.320994" lon="-2.422395">
        <ele>37.2</ele>
      </trkpt>
      <trkpt lat="43.321087" lon="-2.422684">
        <ele>41.8</ele>
      </trkpt>
      <trkpt lat="43.321155" lon="-2.422946">
        <ele>44.9</ele>
      </trkpt>
      <trkpt lat="43.321179" lon="-2.423028">
        <ele>46.2</ele>
      </trkpt>
      <trkpt lat="43.321314" lon="-2.423223">
        <ele>53.7</ele>
      </trkpt>
      <trkpt lat="43.32135" lon="-2.423269">
        <ele>55.8</ele>
      </trkpt>
      <trkpt lat="43.321395" lon="-2.42329">
        <ele>57.4</ele>
      </trkpt>
      <trkpt lat="43.321584" lon="-2.423342">
        <ele>61.3</ele>
      </trkpt>
      <trkpt lat="43.321697" lon="-2.423381">
        <ele>62.1</ele>
      </trkpt>
      <trkpt lat="43.321752" lon="-2.423403">
        <ele>62.1</ele>
      </trkpt>
      <trkpt lat="43.3218" lon="-2.423449">
        <ele>63.0</ele>
      </trkpt>
      <trkpt lat="43.321974" lon="-2.42361">
        <ele>67.4</ele>
      </trkpt>
      <trkpt lat="43.322074" lon="-2.423729">
        <ele>70.7</ele>
      </trkpt>
      <trkpt lat="43.32221" lon="-2.423876">
        <ele>78.4</ele>
      </trkpt>
      <trkpt lat="43.322392" lon="-2.424008">
        <ele>79.7</ele>
      </trkpt>
      <trkpt lat="43.322548" lon="-2.424114">
        <ele>77.6</ele>
      </trkpt>
      <trkpt lat="43.322703" lon="-2.424241">
        <ele>77.0</ele>
      </trkpt>
      <trkpt lat="43.322851" lon="-2.424379">
        <ele>77.7</ele>
      </trkpt>
      <trkpt lat="43.322997" lon="-2.42453">
        <ele>80.5</ele>
      </trkpt>
      <trkpt lat="43.323062" lon="-2.424629">
        <ele>83.7</ele>
      </trkpt>
      <trkpt lat="43.323138" lon="-2.424764">
        <ele>86.1</ele>
      </trkpt>
      <trkpt lat="43.32319" lon="-2.424901">
        <ele>87.8</ele>
      </trkpt>
      <trkpt lat="43.323287" lon="-2.425104">
        <ele>88.9</ele>
      </trkpt>
      <trkpt lat="43.323377" lon="-2.425237">
        <ele>88.4</ele>
      </trkpt>
      <trkpt lat="43.323442" lon="-2.425298">
        <ele>87.8</ele>
      </trkpt>
      <trkpt lat="43.323516" lon="-2.425355">
        <ele>87.2</ele>
      </trkpt>
      <trkpt lat="43.323573" lon="-2.425381">
        <ele>86.8</ele>
      </trkpt>
      <trkpt lat="43.323853" lon="-2.425465">
        <ele>86.9</ele>
      </trkpt>
      <trkpt lat="43.324134" lon="-2.425549">
        <ele>94.8</ele>
      </trkpt>
      <trkpt lat="43.324184" lon="-2.425568">
        <ele>96.7</ele>
      </trkpt>
      <trkpt lat="43.324402" lon="-2.425653">
        <ele>105.2</ele>
      </trkpt>
      <trkpt lat="43.324486" lon="-2.425681">
        <ele>108.0</ele>
      </trkpt>
      <trkpt lat="43.32455" lon="-2.425733">
        <ele>109.9</ele>
      </trkpt>
      <trkpt lat="43.32466" lon="-2.42587">
        <ele>111.5</ele>
      </trkpt>
      <trkpt lat="43.324744" lon="-2.425962">
        <ele>111.8</ele>
      </trkpt>
      <trkpt lat="43.324827" lon="-2.426019">
        <ele>112.3</ele>
      </trkpt>
      <trkpt lat="43.324952" lon="-2.42609">
        <ele>114.0</ele>
      </trkpt>
      <trkpt lat="43.325189" lon="-2.426187">
        <ele>121.2</ele>
      </trkpt>
      <trkpt lat="43.325353" lon="-2.426274">
        <ele>125.3</ele>
      </trkpt>
      <trkpt lat="43.325437" lon="-2.426364">
        <ele>126.6</ele>
      </trkpt>
      <trkpt lat="43.325489" lon="-2.426368">
        <ele>128.2</ele>
      </trkpt>
      <trkpt lat="43.325691" lon="-2.426557">
        <ele>131.7</ele>
      </trkpt>
      <trkpt lat="43.325778" lon="-2.426603">
        <ele>134.6</ele>
      </trkpt>
      <trkpt lat="43.32594" lon="-2.426642">
        <ele>140.0</ele>
      </trkpt>
      <trkpt lat="43.326052" lon="-2.426669">
        <ele>143.2</ele>
      </trkpt>
      <trkpt lat="43.326151" lon="-2.426711">
        <ele>145.6</ele>
      </trkpt>
      <trkpt lat="43.326251" lon="-2.426823">
        <ele>147.0</ele>
      </trkpt>
      <trkpt lat="43.32648" lon="-2.427256">
        <ele>150.3</ele>
      </trkpt>
      <trkpt lat="43.326569" lon="-2.427365">
        <ele>151.9</ele>
      </trkpt>
      <trkpt lat="43.326737" lon="-2.427552">
        <ele>153.6</ele>
      </trkpt>
      <trkpt lat="43.326787" lon="-2.427622">
        <ele>153.8</ele>
      </trkpt>
      <trkpt lat="43.326859" lon="-2.427743">
        <ele>154.7</ele>
      </trkpt>
      <trkpt lat="43.326899" lon="-2.427844">
        <ele>155.5</ele>
      </trkpt>
      <trkpt lat="43.327048" lon="-2.428341">
        <ele>160.3</ele>
      </trkpt>
      <trkpt lat="43.327086" lon="-2.428427">
        <ele>161.5</ele>
      </trkpt>
      <trkpt lat="43.327136" lon="-2.428541">
        <ele>162.8</ele>
      </trkpt>
      <trkpt lat="43.327141" lon="-2.428657">
        <ele>163.4</ele>
      </trkpt>
      <trkpt lat="43.327146" lon="-2.428847">
        <ele>164.4</ele>
      </trkpt>
      <trkpt lat="43.32718" lon="-2.429037">
        <ele>165.9</ele>
      </trkpt>
      <trkpt lat="43.327204" lon="-2.429244">
        <ele>167.3</ele>
      </trkpt>
      <trkpt lat="43.327207" lon="-2.429317">
        <ele>167.6</ele>
      </trkpt>
      <trkpt lat="43.327209" lon="-2.429355">
        <ele>167.7</ele>
      </trkpt>
      <trkpt lat="43.327276" lon="-2.429678">
        <ele>168.5</ele>
      </trkpt>
      <trkpt lat="43.327343" lon="-2.43">
        <ele>170.2</ele>
      </trkpt>
      <trkpt lat="43.327354" lon="-2.4301">
        <ele>170.9</ele>
      </trkpt>
      <trkpt lat="43.327373" lon="-2.430283">
        <ele>172.0</ele>
      </trkpt>
      <trkpt lat="43.327376" lon="-2.430686">
        <ele>173.9</ele>
      </trkpt>
      <trkpt lat="43.327379" lon="-2.43109">
        <ele>174.0</ele>
      </trkpt>
      <trkpt lat="43.32737" lon="-2.431673">
        <ele>176.7</ele>
      </trkpt>
      <trkpt lat="43.327382" lon="-2.431997">
        <ele>178.2</ele>
      </trkpt>
      <trkpt lat="43.327364" lon="-2.432133">
        <ele>179.0</ele>
      </trkpt>
      <trkpt lat="43.327321" lon="-2.432229">
        <ele>180.2</ele>
      </trkpt>
      <trkpt lat="43.327257" lon="-2.43229">
        <ele>181.5</ele>
      </trkpt>
      <trkpt lat="43.327213" lon="-2.432317">
        <ele>182.2</ele>
      </trkpt>
      <trkpt lat="43.327143" lon="-2.432369">
        <ele>183.1</ele>
      </trkpt>
      <trkpt lat="43.326989" lon="-2.432524">
        <ele>184.8</ele>
      </trkpt>
      <trkpt lat="43.32695" lon="-2.432579">
        <ele>185.1</ele>
      </trkpt>
      <trkpt lat="43.326922" lon="-2.432653">
        <ele>185.7</ele>
      </trkpt>
      <trkpt lat="43.326777" lon="-2.433191">
        <ele>190.0</ele>
      </trkpt>
      <trkpt lat="43.326724" lon="-2.43346">
        <ele>192.5</ele>
      </trkpt>
      <trkpt lat="43.326701" lon="-2.433634">
        <ele>193.5</ele>
      </trkpt>
      <trkpt lat="43.32667" lon="-2.434036">
        <ele>197.0</ele>
      </trkpt>
      <trkpt lat="43.326639" lon="-2.434438">
        <ele>195.7</ele>
      </trkpt>
      <trkpt lat="43.32664" lon="-2.434627">
        <ele>195.2</ele>
      </trkpt>
      <trkpt lat="43.326602" lon="-2.435047">
        <ele>194.5</ele>
      </trkpt>
      <trkpt lat="43.326562" lon="-2.435385">
        <ele>194.2</ele>
      </trkpt>
      <trkpt lat="43.326549" lon="-2.435602">
        <ele>193.3</ele>
      </trkpt>
      <trkpt lat="43.326578" lon="-2.43581">
        <ele>192.7</ele>
      </trkpt>
      <trkpt lat="43.326664" lon="-2.436374">
        <ele>187.2</ele>
      </trkpt>
      <trkpt lat="43.326662" lon="-2.436445">
        <ele>186.9</ele>
      </trkpt>
      <trkpt lat="43.326637" lon="-2.436587">
        <ele>187.2</ele>
      </trkpt>
      <trkpt lat="43.326563" lon="-2.436885">
        <ele>188.3</ele>
      </trkpt>
      <trkpt lat="43.32649" lon="-2.437183">
        <ele>188.9</ele>
      </trkpt>
      <trkpt lat="43.326305" lon="-2.437731">
        <ele>187.7</ele>
      </trkpt>
      <trkpt lat="43.32621" lon="-2.438162">
        <ele>188.7</ele>
      </trkpt>
      <trkpt lat="43.326116" lon="-2.438593">
        <ele>189.0</ele>
      </trkpt>
      <trkpt lat="43.325987" lon="-2.439053">
        <ele>186.9</ele>
      </trkpt>
      <trkpt lat="43.325823" lon="-2.439437">
        <ele>182.2</ele>
      </trkpt>
      <trkpt lat="43.325804" lon="-2.439524">
        <ele>181.2</ele>
      </trkpt>
      <trkpt lat="43.325792" lon="-2.439626">
        <ele>180.0</ele>
      </trkpt>
      <trkpt lat="43.325778" lon="-2.440016">
        <ele>177.7</ele>
      </trkpt>
      <trkpt lat="43.325765" lon="-2.440191">
        <ele>176.9</ele>
      </trkpt>
      <trkpt lat="43.325714" lon="-2.440516">
        <ele>179.3</ele>
      </trkpt>
      <trkpt lat="43.325644" lon="-2.440817">
        <ele>185.7</ele>
      </trkpt>
      <trkpt lat="43.325525" lon="-2.441223">
        <ele>189.8</ele>
      </trkpt>
      <trkpt lat="43.325497" lon="-2.4414">
        <ele>191.4</ele>
      </trkpt>
      <trkpt lat="43.325478" lon="-2.441756">
        <ele>194.3</ele>
      </trkpt>
      <trkpt lat="43.325484" lon="-2.441926">
        <ele>194.9</ele>
      </trkpt>
      <trkpt lat="43.325503" lon="-2.442057">
        <ele>195.5</ele>
      </trkpt>
      <trkpt lat="43.325577" lon="-2.44243">
        <ele>197.2</ele>
      </trkpt>
      <trkpt lat="43.325587" lon="-2.442542">
        <ele>196.8</ele>
      </trkpt>
      <trkpt lat="43.325596" lon="-2.442642">
        <ele>195.8</ele>
      </trkpt>
      <trkpt lat="43.325601" lon="-2.442757">
        <ele>194.7</ele>
      </trkpt>
      <trkpt lat="43.325536" lon="-2.443119">
        <ele>192.7</ele>
      </trkpt>
      <trkpt lat="43.325531" lon="-2.443255">
        <ele>193.7</ele>
      </trkpt>
      <trkpt lat="43.325514" lon="-2.443787">
        <ele>199.1</ele>
      </trkpt>
      <trkpt lat="43.325539" lon="-2.444257">
        <ele>197.8</ele>
      </trkpt>
      <trkpt lat="43.325564" lon="-2.444726">
        <ele>200.0</ele>
      </trkpt>
      <trkpt lat="43.325589" lon="-2.445195">
        <ele>202.1</ele>
      </trkpt>
      <trkpt lat="43.325615" lon="-2.445664">
        <ele>202.4</ele>
      </trkpt>
      <trkpt lat="43.325602" lon="-2.445945">
        <ele>202.5</ele>
      </trkpt>
      <trkpt lat="43.325554" lon="-2.446275">
        <ele>203.0</ele>
      </trkpt>
      <trkpt lat="43.325535" lon="-2.446408">
        <ele>203.6</ele>
      </trkpt>
      <trkpt lat="43.325515" lon="-2.446732">
        <ele>206.8</ele>
      </trkpt>
      <trkpt lat="43.325498" lon="-2.446892">
        <ele>208.0</ele>
      </trkpt>
      <trkpt lat="43.325466" lon="-2.447091">
        <ele>208.6</ele>
      </trkpt>
      <trkpt lat="43.325416" lon="-2.447347">
        <ele>208.9</ele>
      </trkpt>
      <trkpt lat="43.325327" lon="-2.447809">
        <ele>205.8</ele>
      </trkpt>
      <trkpt lat="43.32531" lon="-2.447977">
        <ele>204.3</ele>
      </trkpt>
      <trkpt lat="43.325327" lon="-2.448199">
        <ele>204.2</ele>
      </trkpt>
      <trkpt lat="43.325357" lon="-2.448342">
        <ele>205.1</ele>
      </trkpt>
      <trkpt lat="43.325448" lon="-2.448695">
        <ele>206.4</ele>
      </trkpt>
      <trkpt lat="43.325512" lon="-2.448965">
        <ele>207.5</ele>
      </trkpt>
      <trkpt lat="43.325537" lon="-2.449085">
        <ele>208.1</ele>
      </trkpt>
      <trkpt lat="43.325571" lon="-2.449262">
        <ele>209.9</ele>
      </trkpt>
      <trkpt lat="43.325599" lon="-2.449482">
        <ele>211.6</ele>
      </trkpt>
      <trkpt lat="43.325601" lon="-2.449642">
        <ele>211.9</ele>
      </trkpt>
      <trkpt lat="43.325607" lon="-2.450234">
        <ele>218.3</ele>
      </trkpt>
      <trkpt lat="43.325589" lon="-2.450348">
        <ele>220.0</ele>
      </trkpt>
      <trkpt lat="43.325546" lon="-2.450508">
        <ele>223.1</ele>
      </trkpt>
      <trkpt lat="43.325485" lon="-2.450598">
        <ele>222.4</ele>
      </trkpt>
      <trkpt lat="43.325275" lon="-2.450765">
        <ele>214.8</ele>
      </trkpt>
      <trkpt lat="43.325065" lon="-2.450932">
        <ele>212.5</ele>
      </trkpt>
      <trkpt lat="43.324766" lon="-2.451152">
        <ele>216.0</ele>
      </trkpt>
      <trkpt lat="43.324674" lon="-2.451219">
        <ele>215.9</ele>
      </trkpt>
      <trkpt lat="43.324345" lon="-2.451537">
        <ele>211.4</ele>
      </trkpt>
      <trkpt lat="43.324306" lon="-2.451628">
        <ele>211.1</ele>
      </trkpt>
      <trkpt lat="43.324293" lon="-2.451731">
        <ele>212.0</ele>
      </trkpt>
      <trkpt lat="43.324312" lon="-2.452022">
        <ele>216.1</ele>
      </trkpt>
      <trkpt lat="43.324303" lon="-2.452155">
        <ele>216.8</ele>
      </trkpt>
      <trkpt lat="43.324259" lon="-2.452299">
        <ele>215.2</ele>
      </trkpt>
      <trkpt lat="43.324148" lon="-2.452558">
        <ele>209.7</ele>
      </trkpt>
      <trkpt lat="43.324147" lon="-2.452643">
        <ele>209.1</ele>
      </trkpt>
      <trkpt lat="43.324227" lon="-2.452929">
        <ele>210.5</ele>
      </trkpt>
      <trkpt lat="43.324385" lon="-2.453386">
        <ele>215.1</ele>
      </trkpt>
      <trkpt lat="43.324381" lon="-2.453478">
        <ele>214.6</ele>
      </trkpt>
      <trkpt lat="43.324281" lon="-2.453808">
        <ele>209.5</ele>
      </trkpt>
      <trkpt lat="43.324276" lon="-2.453915">
        <ele>209.8</ele>
      </trkpt>
      <trkpt lat="43.32429" lon="-2.454013">
        <ele>211.5</ele>
      </trkpt>
      <trkpt lat="43.324358" lon="-2.454163">
        <ele>216.2</ele>
      </trkpt>
      <trkpt lat="43.324495" lon="-2.45436">
        <ele>218.3</ele>
      </trkpt>
      <trkpt lat="43.324534" lon="-2.454445">
        <ele>217.8</ele>
      </trkpt>
      <trkpt lat="43.324551" lon="-2.454527">
        <ele>217.2</ele>
      </trkpt>
      <trkpt lat="43.324573" lon="-2.454775">
        <ele>216.5</ele>
      </trkpt>
      <trkpt lat="43.324589" lon="-2.454851">
        <ele>217.0</ele>
      </trkpt>
      <trkpt lat="43.324633" lon="-2.454984">
        <ele>218.2</ele>
      </trkpt>
      <trkpt lat="43.324649" lon="-2.455053">
        <ele>218.9</ele>
      </trkpt>
      <trkpt lat="43.324677" lon="-2.455128">
        <ele>219.6</ele>
      </trkpt>
      <trkpt lat="43.324756" lon="-2.455291">
        <ele>220.7</ele>
      </trkpt>
      <trkpt lat="43.324823" lon="-2.455443">
        <ele>221.1</ele>
      </trkpt>
      <trkpt lat="43.324958" lon="-2.45578">
        <ele>222.1</ele>
      </trkpt>
      <trkpt lat="43.32506" lon="-2.455979">
        <ele>222.5</ele>
      </trkpt>
      <trkpt lat="43.325114" lon="-2.456103">
        <ele>223.3</ele>
      </trkpt>
      <trkpt lat="43.325124" lon="-2.45614">
        <ele>223.6</ele>
      </trkpt>
      <trkpt lat="43.325129" lon="-2.456184">
        <ele>224.3</ele>
      </trkpt>
      <trkpt lat="43.325161" lon="-2.456289">
        <ele>225.4</ele>
      </trkpt>
      <trkpt lat="43.325206" lon="-2.456411">
        <ele>225.9</ele>
      </trkpt>
      <trkpt lat="43.325256" lon="-2.456547">
        <ele>226.3</ele>
      </trkpt>
      <trkpt lat="43.325444" lon="-2.456877">
        <ele>224.4</ele>
      </trkpt>
      <trkpt lat="43.325572" lon="-2.457114">
        <ele>221.7</ele>
      </trkpt>
      <trkpt lat="43.325644" lon="-2.457333">
        <ele>219.9</ele>
      </trkpt>
      <trkpt lat="43.325714" lon="-2.457496">
        <ele>217.5</ele>
      </trkpt>
      <trkpt lat="43.325746" lon="-2.457577">
        <ele>216.0</ele>
      </trkpt>
      <trkpt lat="43.325832" lon="-2.457761">
        <ele>212.1</ele>
      </trkpt>
      <trkpt lat="43.325851" lon="-2.457815">
        <ele>211.4</ele>
      </trkpt>
      <trkpt lat="43.325845" lon="-2.457871">
        <ele>211.3</ele>
      </trkpt>
      <trkpt lat="43.325809" lon="-2.457967">
        <ele>211.8</ele>
      </trkpt>
      <trkpt lat="43.325776" lon="-2.458056">
        <ele>212.6</ele>
      </trkpt>
      <trkpt lat="43.325742" lon="-2.458107">
        <ele>213.6</ele>
      </trkpt>
      <trkpt lat="43.32563" lon="-2.458262">
        <ele>216.0</ele>
      </trkpt>
      <trkpt lat="43.325439" lon="-2.458343">
        <ele>219.5</ele>
      </trkpt>
      <trkpt lat="43.325346" lon="-2.458347">
        <ele>221.5</ele>
      </trkpt>
      <trkpt lat="43.325291" lon="-2.458371">
        <ele>222.3</ele>
      </trkpt>
      <trkpt lat="43.324986" lon="-2.458505">
        <ele>224.3</ele>
      </trkpt>
      <trkpt lat="43.324915" lon="-2.458531">
        <ele>225.2</ele>
      </trkpt>
      <trkpt lat="43.324858" lon="-2.458552">
        <ele>225.9</ele>
      </trkpt>
      <trkpt lat="43.324765" lon="-2.458621">
        <ele>226.0</ele>
      </trkpt>
      <trkpt lat="43.324646" lon="-2.458717">
        <ele>225.7</ele>
      </trkpt>
      <trkpt lat="43.324462" lon="-2.458982">
        <ele>224.6</ele>
      </trkpt>
      <trkpt lat="43.324278" lon="-2.459247">
        <ele>226.2</ele>
      </trkpt>
      <trkpt lat="43.324246" lon="-2.459293">
        <ele>226.8</ele>
      </trkpt>
      <trkpt lat="43.324203" lon="-2.459399">
        <ele>228.3</ele>
      </trkpt>
      <trkpt lat="43.32419" lon="-2.459491">
        <ele>229.0</ele>
      </trkpt>
      <trkpt lat="43.324194" lon="-2.459614">
        <ele>229.4</ele>
      </trkpt>
      <trkpt lat="43.324201" lon="-2.459801">
        <ele>230.0</ele>
      </trkpt>
      <trkpt lat="43.324235" lon="-2.460193">
        <ele>229.9</ele>
      </trkpt>
      <trkpt lat="43.324261" lon="-2.460501">
        <ele>231.0</ele>
      </trkpt>
      <trkpt lat="43.324257" lon="-2.460777">
        <ele>231.7</ele>
      </trkpt>
      <trkpt lat="43.324233" lon="-2.461077">
        <ele>233.9</ele>
      </trkpt>
      <trkpt lat="43.324242" lon="-2.461254">
        <ele>235.0</ele>
      </trkpt>
      <trkpt lat="43.324265" lon="-2.461438">
        <ele>235.9</ele>
      </trkpt>
      <trkpt lat="43.324305" lon="-2.461627">
        <ele>237.0</ele>
      </trkpt>
      <trkpt lat="43.324365" lon="-2.461851">
        <ele>238.8</ele>
      </trkpt>
      <trkpt lat="43.324385" lon="-2.46195">
        <ele>239.7</ele>
      </trkpt>
      <trkpt lat="43.324402" lon="-2.462099">
        <ele>241.0</ele>
      </trkpt>
      <trkpt lat="43.324415" lon="-2.462356">
        <ele>241.8</ele>
      </trkpt>
      <trkpt lat="43.324411" lon="-2.462512">
        <ele>241.5</ele>
      </trkpt>
      <trkpt lat="43.324399" lon="-2.462745">
        <ele>239.7</ele>
      </trkpt>
      <trkpt lat="43.324359" lon="-2.46294">
        <ele>239.3</ele>
      </trkpt>
      <trkpt lat="43.324354" lon="-2.463004">
        <ele>239.1</ele>
      </trkpt>
      <trkpt lat="43.324354" lon="-2.463093">
        <ele>238.8</ele>
      </trkpt>
      <trkpt lat="43.32437" lon="-2.463403">
        <ele>238.3</ele>
      </trkpt>
      <trkpt lat="43.324382" lon="-2.463748">
        <ele>238.7</ele>
      </trkpt>
      <trkpt lat="43.324457" lon="-2.46379">
        <ele>240.0</ele>
      </trkpt>
      <trkpt lat="43.324625" lon="-2.464049">
        <ele>241.7</ele>
      </trkpt>
      <trkpt lat="43.324689" lon="-2.464238">
        <ele>240.8</ele>
      </trkpt>
      <trkpt lat="43.324729" lon="-2.464326">
        <ele>240.1</ele>
      </trkpt>
      <trkpt lat="43.324707" lon="-2.464356">
        <ele>239.2</ele>
      </trkpt>
      <trkpt lat="43.324863" lon="-2.464514">
        <ele>240.1</ele>
      </trkpt>
      <trkpt lat="43.324943" lon="-2.464618">
        <ele>239.7</ele>
      </trkpt>
      <trkpt lat="43.325294" lon="-2.464914">
        <ele>235.9</ele>
      </trkpt>
      <trkpt lat="43.325447" lon="-2.465003">
        <ele>236.4</ele>
      </trkpt>
      <trkpt lat="43.325607" lon="-2.465097">
        <ele>237.9</ele>
      </trkpt>
      <trkpt lat="43.325655" lon="-2.465138">
        <ele>237.9</ele>
      </trkpt>
      <trkpt lat="43.325729" lon="-2.465203">
        <ele>237.4</ele>
      </trkpt>
      <trkpt lat="43.325871" lon="-2.465404">
        <ele>234.4</ele>
      </trkpt>
      <trkpt lat="43.325902" lon="-2.465467">
        <ele>233.5</ele>
      </trkpt>
      <trkpt lat="43.325991" lon="-2.465716">
        <ele>229.3</ele>
      </trkpt>
      <trkpt lat="43.326111" lon="-2.465912">
        <ele>226.9</ele>
      </trkpt>
      <trkpt lat="43.326323" lon="-2.466207">
        <ele>226.4</ele>
      </trkpt>
      <trkpt lat="43.326354" lon="-2.466291">
        <ele>225.9</ele>
      </trkpt>
      <trkpt lat="43.326376" lon="-2.466417">
        <ele>224.2</ele>
      </trkpt>
      <trkpt lat="43.32641" lon="-2.466711">
        <ele>218.4</ele>
      </trkpt>
      <trkpt lat="43.326442" lon="-2.467028">
        <ele>212.1</ele>
      </trkpt>
      <trkpt lat="43.326538" lon="-2.467571">
        <ele>207.7</ele>
      </trkpt>
      <trkpt lat="43.326577" lon="-2.467756">
        <ele>207.0</ele>
      </trkpt>
      <trkpt lat="43.326619" lon="-2.467954">
        <ele>206.7</ele>
      </trkpt>
      <trkpt lat="43.32671" lon="-2.468239">
        <ele>207.0</ele>
      </trkpt>
      <trkpt lat="43.326799" lon="-2.468471">
        <ele>208.6</ele>
      </trkpt>
      <trkpt lat="43.326838" lon="-2.468579">
        <ele>209.3</ele>
      </trkpt>
      <trkpt lat="43.326862" lon="-2.468833">
        <ele>211.1</ele>
      </trkpt>
      <trkpt lat="43.326857" lon="-2.469232">
        <ele>207.3</ele>
      </trkpt>
      <trkpt lat="43.326865" lon="-2.469421">
        <ele>207.1</ele>
      </trkpt>
      <trkpt lat="43.326867" lon="-2.469672">
        <ele>204.8</ele>
      </trkpt>
      <trkpt lat="43.326853" lon="-2.470038">
        <ele>205.0</ele>
      </trkpt>
      <trkpt lat="43.326822" lon="-2.47041">
        <ele>207.0</ele>
      </trkpt>
      <trkpt lat="43.326832" lon="-2.470708">
        <ele>211.7</ele>
      </trkpt>
      <trkpt lat="43.326902" lon="-2.471051">
        <ele>214.9</ele>
      </trkpt>
      <trkpt lat="43.32704" lon="-2.471498">
        <ele>210.5</ele>
      </trkpt>
      <trkpt lat="43.327066" lon="-2.471738">
        <ele>209.7</ele>
      </trkpt>
      <trkpt lat="43.327136" lon="-2.471976">
        <ele>213.6</ele>
      </trkpt>
      <trkpt lat="43.327184" lon="-2.472138">
        <ele>215.7</ele>
      </trkpt>
      <trkpt lat="43.327288" lon="-2.472394">
        <ele>218.4</ele>
      </trkpt>
      <trkpt lat="43.327454" lon="-2.472814">
        <ele>219.5</ele>
      </trkpt>
      <trkpt lat="43.327537" lon="-2.473146">
        <ele>220.2</ele>
      </trkpt>
      <trkpt lat="43.327613" lon="-2.47345">
        <ele>221.7</ele>
      </trkpt>
      <trkpt lat="43.327641" lon="-2.47362">
        <ele>222.2</ele>
      </trkpt>
      <trkpt lat="43.327652" lon="-2.473836">
        <ele>221.7</ele>
      </trkpt>
      <trkpt lat="43.327633" lon="-2.474069">
        <ele>220.2</ele>
      </trkpt>
      <trkpt lat="43.327648" lon="-2.474143">
        <ele>220.5</ele>
      </trkpt>
      <trkpt lat="43.327698" lon="-2.474291">
        <ele>221.2</ele>
      </trkpt>
      <trkpt lat="43.327763" lon="-2.474581">
        <ele>221.3</ele>
      </trkpt>
      <trkpt lat="43.327823" lon="-2.47486">
        <ele>220.8</ele>
      </trkpt>
      <trkpt lat="43.327881" lon="-2.475215">
        <ele>220.1</ele>
      </trkpt>
      <trkpt lat="43.327932" lon="-2.475515">
        <ele>220.7</ele>
      </trkpt>
      <trkpt lat="43.327987" lon="-2.475718">
        <ele>221.4</ele>
      </trkpt>
      <trkpt lat="43.32812" lon="-2.475976">
        <ele>222.4</ele>
      </trkpt>
      <trkpt lat="43.328182" lon="-2.476244">
        <ele>224.1</ele>
      </trkpt>
      <trkpt lat="43.328233" lon="-2.476614">
        <ele>228.4</ele>
      </trkpt>
      <trkpt lat="43.32835" lon="-2.476995">
        <ele>233.7</ele>
      </trkpt>
      <trkpt lat="43.328471" lon="-2.477269">
        <ele>237.0</ele>
      </trkpt>
      <trkpt lat="43.328588" lon="-2.477456">
        <ele>239.3</ele>
      </trkpt>
      <trkpt lat="43.328705" lon="-2.477531">
        <ele>239.3</ele>
      </trkpt>
      <trkpt lat="43.3289" lon="-2.477553">
        <ele>238.5</ele>
      </trkpt>
      <trkpt lat="43.329134" lon="-2.477537">
        <ele>245.9</ele>
      </trkpt>
      <trkpt lat="43.329365" lon="-2.477446">
        <ele>247.1</ele>
      </trkpt>
      <trkpt lat="43.329579" lon="-2.477376">
        <ele>247.1</ele>
      </trkpt>
      <trkpt lat="43.329864" lon="-2.477257">
        <ele>246.4</ele>
      </trkpt>
      <trkpt lat="43.330059" lon="-2.477274">
        <ele>248.6</ele>
      </trkpt>
      <trkpt lat="43.330211" lon="-2.477365">
        <ele>251.2</ele>
      </trkpt>
      <trkpt lat="43.330289" lon="-2.477453">
        <ele>251.8</ele>
      </trkpt>
      <trkpt lat="43.330394" lon="-2.477666">
        <ele>250.7</ele>
      </trkpt>
      <trkpt lat="43.330486" lon="-2.477833">
        <ele>249.1</ele>
      </trkpt>
      <trkpt lat="43.330554" lon="-2.477971">
        <ele>248.7</ele>
      </trkpt>
      <trkpt lat="43.330624" lon="-2.478148">
        <ele>248.5</ele>
      </trkpt>
      <trkpt lat="43.330653" lon="-2.478262">
        <ele>248.8</ele>
      </trkpt>
      <trkpt lat="43.330665" lon="-2.478374">
        <ele>249.6</ele>
      </trkpt>
      <trkpt lat="43.330656" lon="-2.478465">
        <ele>250.7</ele>
      </trkpt>
      <trkpt lat="43.330651" lon="-2.478553">
        <ele>251.6</ele>
      </trkpt>
      <trkpt lat="43.330648" lon="-2.478663">
        <ele>251.9</ele>
      </trkpt>
      <trkpt lat="43.330689" lon="-2.478897">
        <ele>251.2</ele>
      </trkpt>
      <trkpt lat="43.330832" lon="-2.479366">
        <ele>248.3</ele>
      </trkpt>
      <trkpt lat="43.330953" lon="-2.479706">
        <ele>244.1</ele>
      </trkpt>
      <trkpt lat="43.331093" lon="-2.480149">
        <ele>239.8</ele>
      </trkpt>
      <trkpt lat="43.331135" lon="-2.48028">
        <ele>237.1</ele>
      </trkpt>
      <trkpt lat="43.33128" lon="-2.480549">
        <ele>233.8</ele>
      </trkpt>
      <trkpt lat="43.331366" lon="-2.480664">
        <ele>233.6</ele>
      </trkpt>
      <trkpt lat="43.331472" lon="-2.480777">
        <ele>233.6</ele>
      </trkpt>
      <trkpt lat="43.33162" lon="-2.481013">
        <ele>230.3</ele>
      </trkpt>
      <trkpt lat="43.331768" lon="-2.481238">
        <ele>225.8</ele>
      </trkpt>
      <trkpt lat="43.331909" lon="-2.481474">
        <ele>221.5</ele>
      </trkpt>
      <trkpt lat="43.332026" lon="-2.481645">
        <ele>218.2</ele>
      </trkpt>
      <trkpt lat="43.332113" lon="-2.481828">
        <ele>214.7</ele>
      </trkpt>
      <trkpt lat="43.332149" lon="-2.481963">
        <ele>212.7</ele>
      </trkpt>
      <trkpt lat="43.332171" lon="-2.482043">
        <ele>211.6</ele>
      </trkpt>
      <trkpt lat="43.332223" lon="-2.482236">
        <ele>210.0</ele>
      </trkpt>
      <trkpt lat="43.332321" lon="-2.482409">
        <ele>210.2</ele>
      </trkpt>
      <trkpt lat="43.332446" lon="-2.482594">
        <ele>212.0</ele>
      </trkpt>
      <trkpt lat="43.332502" lon="-2.482762">
        <ele>215.6</ele>
      </trkpt>
      <trkpt lat="43.332585" lon="-2.482858">
        <ele>217.6</ele>
      </trkpt>
      <trkpt lat="43.332682" lon="-2.482925">
        <ele>218.5</ele>
      </trkpt>
      <trkpt lat="43.332767" lon="-2.482955">
        <ele>218.7</ele>
      </trkpt>
      <trkpt lat="43.332904" lon="-2.482972">
        <ele>219.3</ele>
      </trkpt>
      <trkpt lat="43.333138" lon="-2.48295">
        <ele>220.0</ele>
      </trkpt>
      <trkpt lat="43.333356" lon="-2.482896">
        <ele>220.5</ele>
      </trkpt>
      <trkpt lat="43.333604" lon="-2.482787">
        <ele>218.3</ele>
      </trkpt>
      <trkpt lat="43.333656" lon="-2.482806">
        <ele>219.2</ele>
      </trkpt>
      <trkpt lat="43.33371" lon="-2.482839">
        <ele>220.5</ele>
      </trkpt>
      <trkpt lat="43.333883" lon="-2.482949">
        <ele>222.5</ele>
      </trkpt>
      <trkpt lat="43.333908" lon="-2.482985">
        <ele>222.8</ele>
      </trkpt>
      <trkpt lat="43.333908" lon="-2.483053">
        <ele>223.7</ele>
      </trkpt>
      <trkpt lat="43.333908" lon="-2.483069">
        <ele>223.8</ele>
      </trkpt>
      <trkpt lat="43.333895" lon="-2.483141">
        <ele>224.5</ele>
      </trkpt>
      <trkpt lat="43.333836" lon="-2.48329">
        <ele>226.2</ele>
      </trkpt>
      <trkpt lat="43.333667" lon="-2.483538">
        <ele>230.5</ele>
      </trkpt>
      <trkpt lat="43.333587" lon="-2.483676">
        <ele>232.6</ele>
      </trkpt>
      <trkpt lat="43.333471" lon="-2.48415">
        <ele>234.3</ele>
      </trkpt>
      <trkpt lat="43.333466" lon="-2.484257">
        <ele>233.6</ele>
      </trkpt>
      <trkpt lat="43.333383" lon="-2.484442">
        <ele>235.5</ele>
      </trkpt>
      <trkpt lat="43.333226" lon="-2.484935">
        <ele>243.1</ele>
      </trkpt>
      <trkpt lat="43.333118" lon="-2.485251">
        <ele>247.8</ele>
      </trkpt>
      <trkpt lat="43.33301" lon="-2.485567">
        <ele>252.2</ele>
      </trkpt>
      <trkpt lat="43.332945" lon="-2.48585">
        <ele>259.5</ele>
      </trkpt>
      <trkpt lat="43.332932" lon="-2.486167">
        <ele>266.5</ele>
      </trkpt>
      <trkpt lat="43.332935" lon="-2.486402">
        <ele>268.7</ele>
      </trkpt>
      <trkpt lat="43.332969" lon="-2.486535">
        <ele>268.0</ele>
      </trkpt>
      <trkpt lat="43.333083" lon="-2.486726">
        <ele>265.5</ele>
      </trkpt>
      <trkpt lat="43.333112" lon="-2.486742">
        <ele>264.8</ele>
      </trkpt>
      <trkpt lat="43.333427" lon="-2.486734">
        <ele>256.3</ele>
      </trkpt>
      <trkpt lat="43.333742" lon="-2.486726">
        <ele>252.4</ele>
      </trkpt>
      <trkpt lat="43.334111" lon="-2.486777">
        <ele>247.8</ele>
      </trkpt>
      <trkpt lat="43.334348" lon="-2.486814">
        <ele>244.7</ele>
      </trkpt>
      <trkpt lat="43.334514" lon="-2.486855">
        <ele>244.5</ele>
      </trkpt>
      <trkpt lat="43.334739" lon="-2.486924">
        <ele>246.6</ele>
      </trkpt>
      <trkpt lat="43.33508" lon="-2.487053">
        <ele>254.6</ele>
      </trkpt>
      <trkpt lat="43.33518" lon="-2.487106">
        <ele>255.9</ele>
      </trkpt>
      <trkpt lat="43.335266" lon="-2.487193">
        <ele>255.5</ele>
      </trkpt>
      <trkpt lat="43.335451" lon="-2.487422">
        <ele>255.0</ele>
      </trkpt>
      <trkpt lat="43.335637" lon="-2.487651">
        <ele>253.7</ele>
      </trkpt>
      <trkpt lat="43.335802" lon="-2.487938">
        <ele>247.7</ele>
      </trkpt>
      <trkpt lat="43.335902" lon="-2.487999">
        <ele>247.0</ele>
      </trkpt>
      <trkpt lat="43.335998" lon="-2.48801">
        <ele>247.4</ele>
      </trkpt>
      <trkpt lat="43.336263" lon="-2.487817">
        <ele>246.8</ele>
      </trkpt>
      <trkpt lat="43.336549" lon="-2.487624">
        <ele>242.6</ele>
      </trkpt>
      <trkpt lat="43.336645" lon="-2.48753">
        <ele>242.7</ele>
      </trkpt>
      <trkpt lat="43.336792" lon="-2.487332">
        <ele>245.3</ele>
      </trkpt>
      <trkpt lat="43.336991" lon="-2.486989">
        <ele>246.9</ele>
      </trkpt>
      <trkpt lat="43.337053" lon="-2.486907">
        <ele>246.5</ele>
      </trkpt>
      <trkpt lat="43.337108" lon="-2.486875">
        <ele>245.7</ele>
      </trkpt>
      <trkpt lat="43.337156" lon="-2.486866">
        <ele>244.9</ele>
      </trkpt>
      <trkpt lat="43.337386" lon="-2.486841">
        <ele>242.1</ele>
      </trkpt>
      <trkpt lat="43.337621" lon="-2.486789">
        <ele>243.2</ele>
      </trkpt>
      <trkpt lat="43.337669" lon="-2.486781">
        <ele>244.0</ele>
      </trkpt>
      <trkpt lat="43.337734" lon="-2.486817">
        <ele>243.6</ele>
      </trkpt>
      <trkpt lat="43.337813" lon="-2.4869">
        <ele>241.8</ele>
      </trkpt>
      <trkpt lat="43.33788" lon="-2.486971">
        <ele>240.6</ele>
      </trkpt>
      <trkpt lat="43.337992" lon="-2.48712">
        <ele>237.4</ele>
      </trkpt>
      <trkpt lat="43.338257" lon="-2.487467">
        <ele>227.3</ele>
      </trkpt>
      <trkpt lat="43.338556" lon="-2.487822">
        <ele>221.9</ele>
      </trkpt>
      <trkpt lat="43.338767" lon="-2.487996">
        <ele>224.6</ele>
      </trkpt>
      <trkpt lat="43.338978" lon="-2.48817">
        <ele>226.2</ele>
      </trkpt>
      <trkpt lat="43.339188" lon="-2.488316">
        <ele>225.7</ele>
      </trkpt>
      <trkpt lat="43.339364" lon="-2.488407">
        <ele>225.2</ele>
      </trkpt>
      <trkpt lat="43.33964" lon="-2.488484">
        <ele>222.8</ele>
      </trkpt>
      <trkpt lat="43.339905" lon="-2.488545">
        <ele>220.7</ele>
      </trkpt>
      <trkpt lat="43.340109" lon="-2.488633">
        <ele>219.2</ele>
      </trkpt>
      <trkpt lat="43.34049" lon="-2.488837">
        <ele>216.5</ele>
      </trkpt>
      <trkpt lat="43.340895" lon="-2.489052">
        <ele>215.9</ele>
      </trkpt>
      <trkpt lat="43.341148" lon="-2.489144">
        <ele>215.5</ele>
      </trkpt>
      <trkpt lat="43.341176" lon="-2.489222">
        <ele>215.1</ele>
      </trkpt>
      <trkpt lat="43.341364" lon="-2.489567">
        <ele>214.3</ele>
      </trkpt>
      <trkpt lat="43.341553" lon="-2.489912">
        <ele>213.8</ele>
      </trkpt>
      <trkpt lat="43.341714" lon="-2.490141">
        <ele>212.3</ele>
      </trkpt>
      <trkpt lat="43.341839" lon="-2.490239">
        <ele>211.8</ele>
      </trkpt>
      <trkpt lat="43.341955" lon="-2.490291">
        <ele>210.7</ele>
      </trkpt>
      <trkpt lat="43.342297" lon="-2.490302">
        <ele>204.0</ele>
      </trkpt>
      <trkpt lat="43.342407" lon="-2.490275">
        <ele>202.0</ele>
      </trkpt>
      <trkpt lat="43.342539" lon="-2.490205">
        <ele>200.8</ele>
      </trkpt>
      <trkpt lat="43.342676" lon="-2.490106">
        <ele>199.9</ele>
      </trkpt>
      <trkpt lat="43.342743" lon="-2.490098">
        <ele>198.5</ele>
      </trkpt>
      <trkpt lat="43.342802" lon="-2.49014">
        <ele>196.5</ele>
      </trkpt>
      <trkpt lat="43.342871" lon="-2.49021">
        <ele>194.1</ele>
      </trkpt>
      <trkpt lat="43.34293" lon="-2.490375">
        <ele>191.3</ele>
      </trkpt>
      <trkpt lat="43.343011" lon="-2.490578">
        <ele>188.4</ele>
      </trkpt>
      <trkpt lat="43.343078" lon="-2.490689">
        <ele>187.3</ele>
      </trkpt>
      <trkpt lat="43.343325" lon="-2.490972">
        <ele>184.6</ele>
      </trkpt>
      <trkpt lat="43.34343" lon="-2.491093">
        <ele>184.0</ele>
      </trkpt>
      <trkpt lat="43.343522" lon="-2.491133">
        <ele>183.8</ele>
      </trkpt>
      <trkpt lat="43.343615" lon="-2.491135">
        <ele>184.0</ele>
      </trkpt>
      <trkpt lat="43.343706" lon="-2.491123">
        <ele>184.3</ele>
      </trkpt>
      <trkpt lat="43.343791" lon="-2.491096">
        <ele>184.6</ele>
      </trkpt>
      <trkpt lat="43.343905" lon="-2.491043">
        <ele>184.9</ele>
      </trkpt>
      <trkpt lat="43.344102" lon="-2.490892">
        <ele>185.1</ele>
      </trkpt>
      <trkpt lat="43.344344" lon="-2.490726">
        <ele>184.5</ele>
      </trkpt>
      <trkpt lat="43.344487" lon="-2.490665">
        <ele>184.4</ele>
      </trkpt>
      <trkpt lat="43.344874" lon="-2.490636">
        <ele>184.2</ele>
      </trkpt>
      <trkpt lat="43.344981" lon="-2.490622">
        <ele>184.2</ele>
      </trkpt>
      <trkpt lat="43.345024" lon="-2.490683">
        <ele>184.5</ele>
      </trkpt>
      <trkpt lat="43.345332" lon="-2.490866">
        <ele>187.3</ele>
      </trkpt>
      <trkpt lat="43.345636" lon="-2.491134">
        <ele>188.5</ele>
      </trkpt>
      <trkpt lat="43.345764" lon="-2.491207">
        <ele>189.1</ele>
      </trkpt>
      <trkpt lat="43.345864" lon="-2.491232">
        <ele>189.4</ele>
      </trkpt>
      <trkpt lat="43.346045" lon="-2.491228">
        <ele>189.8</ele>
      </trkpt>
      <trkpt lat="43.346219" lon="-2.491191">
        <ele>189.8</ele>
      </trkpt>
      <trkpt lat="43.346556" lon="-2.491028">
        <ele>190.2</ele>
      </trkpt>
      <trkpt lat="43.346772" lon="-2.490996">
        <ele>190.7</ele>
      </trkpt>
      <trkpt lat="43.346961" lon="-2.491004">
        <ele>191.0</ele>
      </trkpt>
      <trkpt lat="43.34708" lon="-2.490963">
        <ele>191.3</ele>
      </trkpt>
      <trkpt lat="43.347405" lon="-2.490793">
        <ele>190.5</ele>
      </trkpt>
      <trkpt lat="43.34755" lon="-2.490732">
        <ele>189.6</ele>
      </trkpt>
      <trkpt lat="43.347851" lon="-2.490622">
        <ele>187.5</ele>
      </trkpt>
      <trkpt lat="43.347918" lon="-2.490653">
        <ele>187.3</ele>
      </trkpt>
      <trkpt lat="43.347901" lon="-2.490923">
        <ele>186.0</ele>
      </trkpt>
      <trkpt lat="43.3479" lon="-2.491194">
        <ele>184.6</ele>
      </trkpt>
      <trkpt lat="43.347921" lon="-2.491426">
        <ele>183.7</ele>
      </trkpt>
      <trkpt lat="43.347971" lon="-2.491698">
        <ele>182.4</ele>
      </trkpt>
      <trkpt lat="43.348031" lon="-2.491926">
        <ele>181.2</ele>
      </trkpt>
      <trkpt lat="43.348128" lon="-2.492194">
        <ele>179.0</ele>
      </trkpt>
      <trkpt lat="43.348243" lon="-2.492446">
        <ele>175.2</ele>
      </trkpt>
      <trkpt lat="43.34838" lon="-2.492759">
        <ele>172.0</ele>
      </trkpt>
      <trkpt lat="43.348463" lon="-2.49294">
        <ele>171.1</ele>
      </trkpt>
      <trkpt lat="43.34858" lon="-2.493103">
        <ele>170.6</ele>
      </trkpt>
      <trkpt lat="43.348796" lon="-2.493318">
        <ele>170.4</ele>
      </trkpt>
      <trkpt lat="43.348982" lon="-2.492799">
        <ele>173.6</ele>
      </trkpt>
      <trkpt lat="43.349109" lon="-2.492507">
        <ele>174.8</ele>
      </trkpt>
      <trkpt lat="43.349235" lon="-2.492216">
        <ele>174.1</ele>
      </trkpt>
      <trkpt lat="43.349324" lon="-2.492132">
        <ele>174.1</ele>
      </trkpt>
      <trkpt lat="43.349372" lon="-2.492077">
        <ele>173.9</ele>
      </trkpt>
      <trkpt lat="43.349553" lon="-2.49213">
        <ele>174.4</ele>
      </trkpt>
      <trkpt lat="43.34957" lon="-2.492143">
        <ele>174.5</ele>
      </trkpt>
      <trkpt lat="43.349685" lon="-2.492233">
        <ele>175.0</ele>
      </trkpt>
      <trkpt lat="43.350119" lon="-2.492226">
        <ele>176.2</ele>
      </trkpt>
      <trkpt lat="43.350172" lon="-2.492238">
        <ele>176.3</ele>
      </trkpt>
      <trkpt lat="43.350256" lon="-2.492296">
        <ele>176.7</ele>
      </trkpt>
      <trkpt lat="43.350541" lon="-2.492528">
        <ele>177.3</ele>
      </trkpt>
      <trkpt lat="43.350644" lon="-2.492657">
        <ele>177.0</ele>
      </trkpt>
      <trkpt lat="43.350727" lon="-2.492708">
        <ele>176.5</ele>
      </trkpt>
      <trkpt lat="43.350772" lon="-2.492704">
        <ele>176.1</ele>
      </trkpt>
      <trkpt lat="43.350898" lon="-2.492676">
        <ele>174.9</ele>
      </trkpt>
      <trkpt lat="43.350993" lon="-2.492677">
        <ele>174.3</ele>
      </trkpt>
      <trkpt lat="43.351086" lon="-2.492703">
        <ele>173.8</ele>
      </trkpt>
      <trkpt lat="43.351448" lon="-2.492953">
        <ele>172.5</ele>
      </trkpt>
      <trkpt lat="43.351547" lon="-2.492995">
        <ele>172.4</ele>
      </trkpt>
      <trkpt lat="43.351658" lon="-2.493004">
        <ele>171.8</ele>
      </trkpt>
      <trkpt lat="43.35184" lon="-2.493003">
        <ele>169.8</ele>
      </trkpt>
      <trkpt lat="43.352147" lon="-2.493241">
        <ele>168.1</ele>
      </trkpt>
      <trkpt lat="43.352324" lon="-2.493352">
        <ele>167.1</ele>
      </trkpt>
      <trkpt lat="43.352288" lon="-2.493448">
        <ele>167.9</ele>
      </trkpt>
      <trkpt lat="43.352232" lon="-2.493575">
        <ele>168.8</ele>
      </trkpt>
      <trkpt lat="43.352128" lon="-2.493799">
        <ele>170.0</ele>
      </trkpt>
      <trkpt lat="43.352097" lon="-2.493861">
        <ele>170.1</ele>
      </trkpt>
      <trkpt lat="43.352079" lon="-2.493897">
        <ele>170.1</ele>
      </trkpt>
      <trkpt lat="43.352066" lon="-2.493924">
        <ele>170.0</ele>
      </trkpt>
      <trkpt lat="43.352055" lon="-2.493947">
        <ele>170.0</ele>
      </trkpt>
      <trkpt lat="43.351938" lon="-2.494192">
        <ele>169.0</ele>
      </trkpt>
      <trkpt lat="43.3519" lon="-2.494271">
        <ele>169.1</ele>
      </trkpt>
      <trkpt lat="43.351828" lon="-2.49442">
        <ele>169.4</ele>
      </trkpt>
      <trkpt lat="43.351818" lon="-2.494444">
        <ele>169.4</ele>
      </trkpt>
      <trkpt lat="43.351707" lon="-2.494351">
        <ele>169.9</ele>
      </trkpt>
      <trkpt lat="43.351622" lon="-2.494279">
        <ele>170.3</ele>
      </trkpt>
      <trkpt lat="43.351575" lon="-2.494377">
        <ele>170.7</ele>
      </trkpt>
      <trkpt lat="43.35153" lon="-2.494358">
        <ele>171.1</ele>
      </trkpt>
      <trkpt lat="43.351467" lon="-2.49449">
        <ele>171.4</ele>
      </trkpt>
      <trkpt lat="43.351442" lon="-2.494468">
        <ele>171.5</ele>
        <name>Camping Leagi, Mendexa (Mendeja), Lea-Artibai (Lea Artibai)</name>
      </trkpt>
    </trkseg>
  </trk>
</gpx>